<?xml version="1.0"?>
<COLLADA xmlns="http://www.collada.org/2005/11/COLLADASchema" version="1.4.1">
  <asset>
    <contributor>
      <author>Assimp</author>
      <authoring_tool>Assimp Exporter</authoring_tool>
    </contributor>
    <created>2018-01-01T00:05:09</created>
    <modified>2018-01-01T00:05:09</modified>
    <unit name="meter" meter="1" />
    <up_axis>Y_UP</up_axis>
  </asset>
  <library_effects>
    <effect id="Mask_V-fx" name="Mask_V">
      <profile_COMMON>
        <technique sid="standard">
          <phong>
            <diffuse>
              <color sid="diffuse">0.8   0.8   0.8   1</color>
            </diffuse>
          </phong>
        </technique>
      </profile_COMMON>
    </effect>
  </library_effects>
  <library_materials>
    <material id="Mask_V" name="Mask_V">
      <instance_effect url="#Mask_V-fx"/>
    </material>
  </library_materials>
  <library_geometries>
    <geometry id="meshId0" name="meshId0_name" >
      <mesh>
        <source id="meshId0-positions" name="meshId0-positions">
          <float_array id="meshId0-positions-array" count="2658"> 0.720386 0.977884 -0.312459 0.670317 0.982766 -0.27143 0.683724 0.904483 -0.260106 0.739028 0.896026 -0.307673 0.603806 0.987172 -0.21315 0.620746 0.913641 -0.205144 0.495392 0.994149 -0.120308 0.507896 0.930945 -0.10886 0.389215 0.998393 -0.0429324 0.404301 0.938334 -0.0315127 0.274798 1 0.0106058 0.288636 0.93929 0.0237859 0.155789 0.999964 0.041712 0.160337 0.931931 0.0574564 0.0654915 0.998374 0.0548941 0.0646005 0.915242 0.0739565 0 0.997436 0.0590148 0 0.910723 0.0766637 0.754173 0.818165 -0.287734 0.697636 0.826791 -0.240963 0.700533 0.7561 -0.214909 0.759333 0.739179 -0.260737 0.632617 0.835178 -0.186172 0.634349 0.768416 -0.161549 0.517416 0.849877 -0.0895989 0.518785 0.782194 -0.0639074 0.410943 0.858432 -0.0137375 0.40839 0.795788 0.00814674 0.293232 0.860669 0.0402784 0.287917 0.802218 0.0568443 0.160948 0.844801 0.0746546 0.154664 0.774075 0.0906823 0.0589808 0.813949 0.0941175 0.0485375 0.724827 0.113383 0 0.804585 0.0975019 0 0.710717 0.116794 0.748209 0.418772 -0.199147 0.757683 0.46588 -0.208071 0.72541 0.509506 -0.185479 0.71525 0.492944 -0.173864 0.760012 0.496047 -0.211438 0.764045 0.525669 -0.219317 0.740883 0.551726 -0.206702 0.731255 0.530222 -0.193014 0.754624 0.575883 -0.222483 0.696261 0.712487 -0.19734 0.757522 0.681277 -0.243486 0.689944 0.67835 -0.185852 0.755614 0.634031 -0.233427 0.681959 0.642044 -0.174676 0.673292 0.60647 -0.156659 0.67169 0.587192 -0.141931 0.669921 0.570446 -0.13317 0.664491 0.55882 -0.135552 0.73988 0.26332 -0.17791 0.745373 0.333507 -0.194061 0.710434 0.354999 -0.166699 0.711349 0.313668 -0.152922 0.706218 0.410827 -0.164383 0.684546 0.477628 -0.134134 0.659298 0.541312 -0.116228 0.630584 0.733955 -0.146153 0.625362 0.706877 -0.134503 0.619578 0.67783 -0.125633 0.614836 0.641535 -0.108601 0.516789 0.755217 -0.0518257 0.51344 0.734485 -0.0444779 0.508532 0.709261 -0.038723 0.501917 0.674511 -0.0251684 0.0481081 0.677735 0.128309 0.157334 0.734928 0.10692 0.287107 0.770395 0.0719024 0.405292 0.769092 0.0211576 0.0542424 0.639224 0.135881 0.163479 0.698368 0.117209 0.287201 0.739873 0.0817667 0.402544 0.746555 0.028607 0.0680005 0.598302 0.139586 0.174114 0.660564 0.118916 0.288352 0.706269 0.0843959 0.400159 0.720292 0.0319001 0.0958372 0.544393 0.151467 0.189709 0.612012 0.12411 0.290099 0.658766 0.0910103 0.395737 0.680094 0.0414551 0.0388132 0.494846 0.167153 0.0636341 0.45784 0.177061 0.116526 0.515167 0.171102 0.0979698 0.431961 0.171933 0.136777 0.411701 0.153445 0.163395 0.450188 0.143319 0.137925 0.47656 0.171059 0.608556 0.604241 -0.0845567 0.605664 0.590764 -0.0921138 0.61203 0.622205 -0.0915105 0.393979 0.65489 0.0594167 0.498357 0.65562 -0.010079 0.39567 0.61822 0.0688052 0.497356 0.628455 -0.0022111 0.39722 0.587829 0.0572996 0.496957 0.605826 -0.0100912 0.206612 0.584688 0.14933 0.296275 0.630504 0.115132 0.22396 0.540025 0.155566 0.30502 0.587826 0.124356 0.236733 0.50219 0.131502 0.309981 0.550243 0.106449 0 -0.454899 0.0790591 0 -0.502412 0.0791851 0.054838 -0.499332 0.0719509 0.0456086 -0.452452 0.0779817 0.0975866 -0.491011 0.0573218 0.0834591 -0.446961 0.067172 0.12424 -0.483329 0.0458985 0.108323 -0.441931 0.0576593 0.165838 -0.470358 0.0321941 0.145587 -0.433499 0.0428923 0.211832 -0.451742 0.0166527 0.187306 -0.422262 0.0261446 0.253013 -0.430397 0.000595025 0.228721 -0.409189 0.0058779 0.28308 -0.391455 -0.0201256 0.0347643 -0.65334 -0.00287708 0.0484976 -0.545428 0.0454454 0 -0.552232 0.0510165 0 -0.656813 0.00122815 0.0900105 -0.539564 0.0277933 0.0668056 -0.645871 -0.0174827 0.0497634 -0.535899 0.0580779 0.091763 -0.530098 0.0404522 0.132575 -0.613347 -0.0469008 0.163431 -0.50916 0.0027936 0.137398 -0.521758 0.0178253 0.109354 -0.531631 0.0128099 0.0803442 -0.637148 -0.0333692 0.215999 -0.486795 -0.00991772 0.266274 -0.460261 -0.0240716 0.307741 -0.420598 -0.0323698 0.546872 -0.480392 -0.225323 0.580538 -0.390221 -0.220511 0.538195 -0.373792 -0.163817 0.499784 -0.463757 -0.171253 0.492711 -0.346462 -0.123338 0.442106 -0.436093 -0.119633 0.443756 -0.315208 -0.096042 0.384626 -0.39839 -0.0767156 0.415619 -0.290381 -0.0623458 0.327489 -0.370038 -0.0315483 0.640719 -0.175578 -0.203884 0.675472 -0.0716307 -0.186771 0.655983 -0.0727423 -0.146536 0.614645 -0.173539 -0.160487 0.609066 -0.289296 -0.216945 0.575008 -0.279391 -0.165066 0.619827 -0.0740093 -0.112946 0.580778 -0.166239 -0.12984 0.537474 -0.261162 -0.130183 0.574358 -0.0744713 -0.1059 0.539388 -0.154743 -0.115576 0.492652 -0.239447 -0.112501 0.536193 -0.0747276 -0.0709675 0.512031 -0.145909 -0.0933954 0.465724 -0.221476 -0.0851543 0.695447 -0.0129935 -0.182204 0.673263 -0.0189827 -0.143279 0.638115 -0.0257343 -0.101885 0.59708 -0.0320012 -0.0685882 0.557848 -0.0354743 -0.0417619 0.480462 -0.0407163 0.00725243 0.462673 -0.0768819 -0.0249287 0.305564 -0.0723133 0.0442074 0.33261 -0.0334803 0.0586114 0.28393 -0.029872 0.0750722 0.248069 -0.0802056 0.0657296 0.658373 0.024987 -0.100785 0.627251 0.016545 -0.0607606 0.591812 0.0115333 -0.033487 0.519042 0.00275398 0.014535 0.39141 0.00711062 0.0649477 0.348866 0.0101466 0.0798698 0.228034 -0.0223789 0.0966483 0.295872 0.0189659 0.0952089 0.232973 0.0303189 0.111924 0.163634 -0.00959238 0.125855 0.688494 0.138855 -0.0969943 0.66287 0.125946 -0.0578737 0.63076 0.114818 -0.0340315 0.564536 0.0956457 0.00776402 0.452313 0.0881504 0.0619076 0.415069 0.0872533 0.0777278 0.314342 0.0925986 0.10151 0.226627 0.101826 0.11748 0.133983 0.0458348 0.147641 0.172 -0.018342 0.209184 0.164875 -0.0782827 0.206763 0.136828 -0.0729619 0.120271 0.115129 -0.00957759 0.249156 0.113881 -0.0715413 0.251007 0.0309762 -0.0998181 0.211171 0.0405021 -0.109108 0.25871 0 -0.112851 0.269856 0 -0.122468 0.214168 0.0627245 -0.0848807 0.209194 0.0461153 -0.0771025 0.14673 0.0803213 -0.0962706 0.152441 0.100136 -0.104287 0.208749 0.0672132 -0.10664 0.251359 0.0551655 -0.0712764 0.284475 0.053232 -0.00885508 0.286568 0.0381585 0.055391 0.257435 0 0.056713 0.293992 0 -0.00775961 0.312459 0 -0.070875 0.304386 0.689717 0.226393 -0.0953709 0.667332 0.211729 -0.0604192 0.639143 0.201832 -0.0400452 0.580697 0.183679 -0.00474107 0.48359 0.166328 0.0445696 0.451925 0.161331 0.059785 0.373096 0.153779 0.0889375 0.299259 0.150479 0.109735 0.0633242 0.0545191 0.233326 0.0523698 0.124979 0.223784 0.111987 0.123457 0.160076 0.112372 0.194824 0.154755 0.0451881 0.205689 0.205539 0 0.125431 0.255796 0 0.205089 0.226848 0.0813592 0.290764 0.175123 0.0387093 0.297727 0.19912 0 0.29884 0.207619 0.105662 0.36975 0.163796 0.0627455 0.386424 0.18143 0.6682 0.271227 -0.0857452 0.645937 0.253193 -0.0548666 0.633685 0.303376 -0.0782583 0.61429 0.28649 -0.0561296 0.572706 0.324891 -0.0647997 0.560028 0.319049 -0.0552871 0.620219 0.24272 -0.0381863 0.567963 0.225169 -0.00982332 0.593148 0.276275 -0.043094 0.550111 0.259627 -0.0199086 0.546085 0.31464 -0.0458695 0.518612 0.307191 -0.0277055 0.329984 0.194343 0.10028 0.243917 0.209328 0.115771 0.205116 0.167709 0.122275 0.38766 0.197177 0.0780311 0.476673 0.208319 0.0370412 0.447849 0.203664 0.0515474 0.32876 0.234134 0.0896713 0.255672 0.247846 0.10706 0.379737 0.235907 0.0681843 0.462332 0.245335 0.0271632 0.434365 0.241508 0.0420328 0.33558 0.294439 0.0744784 0.282529 0.300146 0.0898359 0.375804 0.295509 0.055484 0.445187 0.300613 0.0176021 0.421555 0.298829 0.031629 0.156242 0.23836 0.13769 0.115841 0.296112 0.156176 0.182576 0.265293 0.124108 0.14615 0.300723 0.138435 0.232272 0.304706 0.0997881 0.207997 0.314494 0.107514 0.15591 0.384201 0.145384 0.186688 0.410603 0.141317 0.171928 0.439046 0.144124 0.131558 0.355727 0.150472 0.175398 0.360306 0.134392 0.201321 0.379745 0.132171 0.156558 0.341279 0.136894 0.218119 0.338275 0.107405 0.236118 0.349646 0.105312 0.210571 0.329507 0.108519 0.608813 0.370605 -0.0862898 0.668086 0.418556 -0.121034 0.605721 0.458336 -0.0488158 0.56596 0.387873 -0.0458562 0.613887 0.521459 -0.0570587 0.605924 0.573938 -0.0769663 0.511619 0.488998 0.0204811 0.495755 0.407092 0.00479758 0.509125 0.544818 0.0172169 0.498152 0.592024 -0.000583344 0.425041 0.482779 0.0697922 0.427447 0.407613 0.0465089 0.414327 0.531826 0.0717696 0.400191 0.574194 0.0622634 0.292887 0.374893 0.0972971 0.269393 0.421906 0.125407 0.359397 0.394528 0.0766575 0.343767 0.45635 0.104025 0.255786 0.455903 0.133221 0.329526 0.498173 0.110656 0.241466 0.487325 0.13268 0.313743 0.535415 0.107966 0 -0.389795 0.0502165 0.0898486 -0.388474 0.0563128 0.0329568 -0.326812 0.0869833 0 -0.33191 0.0824757 0 -0.288944 0.102219 0 -0.258736 0.112919 0.0259966 -0.267706 0.113913 0 0.402368 0.18645 0.0499269 -0.240784 0.133736 0 -0.22981 0.131142 0.104251 -0.171667 0.107894 0.0918748 -0.1788 0.132739 0.131018 -0.251139 0.117032 0.147822 -0.22768 0.0999957 0 -0.177984 0.136754 0.0473057 -0.178404 0.134687 0.0478436 -0.161678 0.115257 0 -0.163166 0.121578 0.0522836 -0.310632 0.0966712 0.0780805 -0.295357 0.123669 0.120584 -0.367134 0.0764666 0.144753 -0.347569 0.104017 0.173375 -0.283926 0.102396 0.179563 -0.256378 0.0879016 0.531661 -0.0668132 -0.0758535 0.50039 -0.143688 -0.0887038 0.4559 -0.213893 -0.0756366 0.414132 -0.275807 -0.0530161 0.329171 -0.342467 -0.0139307 0.209027 -0.283182 0.0834948 0.211782 -0.26001 0.0730021 0.517696 -0.0672282 -0.0556305 0.486349 -0.139404 -0.0608802 0.444776 -0.203392 -0.0469473 0.401597 -0.264405 -0.0271495 0.321459 -0.325492 0.0142595 0.448878 -0.127204 -0.0391636 0.411321 -0.179479 -0.0230338 0.483114 -0.0659684 -0.0343329 0.189858 -0.358942 0.0464446 0.195991 -0.341167 0.0779907 0.366983 -0.24373 -0.00428966 0.305236 -0.281173 0.0324894 0.430643 -0.128596 -0.0282227 0.392265 -0.176954 -0.0156108 0.347401 -0.231753 0.00370197 0.295567 -0.259312 0.0326419 0.252273 -0.755252 -0.168495 0.164324 -0.837815 -0.186703 0.173079 -0.913767 -0.253238 0.29331 -0.80465 -0.227259 0.143763 -0.732073 -0.105619 0.0963847 -0.757544 -0.0993498 0.0982598 -0.869897 -0.184579 0.454504 -0.545644 -0.181938 0.389753 -0.516863 -0.125332 0.30773 -0.596821 -0.115801 0.366304 -0.644313 -0.171025 0 -0.542802 0.0636706 0.0406175 -0.98464 -0.217201 0.0462009 -0.897013 -0.146123 0 -0.903885 -0.139864 0 -0.987419 -0.208988 0.206677 -0.676925 -0.103432 0.416044 -0.672313 -0.219242 0.502667 -0.564916 -0.229131 0.339924 -0.470449 -0.077335 0.273962 -0.529002 -0.067947 0.194181 -0.577429 -0.0544354 0.0823862 -0.883402 -0.167167 0.0816786 -0.766331 -0.0842606 0.0431671 -0.775063 -0.0673565 0.0724923 -0.970931 -0.237551 0.0906863 -0.956307 -0.254773 0.11788 -0.522383 0.0257626 0 -0.780346 -0.0625567 0.159464 0.139999 0.132411 0.675748 0.38616 -0.139472 0.610166 0.357932 -0.0935809 0.674461 0.361091 -0.137653 0.671017 0.34004 -0.125086 0.604105 0.346648 -0.0910592 0.59791 0.337862 -0.083911 0.0476082 -0.132583 0.116535 0.106667 -0.135449 0.109544 0.408485 0.238768 0.0545223 0.400091 0.297283 0.0430371 0.419346 0.200456 0.0642176 0.415293 0.157752 0.0734907 0.368559 0.089532 0.0899454 0.177671 -0.384542 0.0272477 0.143716 -0.119046 0.0988406 0.101418 -0.114533 0.112986 0.585853 0.331053 -0.0743123 0.653534 0.321882 -0.102467 0.69082 0.290933 -0.11961 0.713617 0.242116 -0.135286 0.736071 0.16142 -0.177362 0.714108 0.152363 -0.139464 0.71309 0.0460497 -0.181502 0.688569 0.0341501 -0.144644 0.195343 -0.0698964 0.0891955 0.493624 0.304224 -0.0119177 0.518954 0.253386 -0.00328111 0.469405 0.302419 0.00284222 0.490643 0.249361 0.0119411 0.534756 0.21817 0.00732162 0.505714 0.213245 0.0221814 0.545137 0.17666 0.0140017 0.514364 0.171494 0.0292856 0.523563 0.0908855 0.0285032 0.487938 0.089518 0.0452054 0.472707 0.00328724 0.0350913 0.432058 0.00519898 0.0500195 0.427467 -0.0390659 0.0283367 0.380038 -0.0362731 0.0434741 0.408833 -0.0733736 0.00139738 0.357312 -0.072555 0.0229736 0.405942 -0.0923379 -0.00802528 0.415179 -0.108774 -0.0188703 0.36568 -0.105152 0.00817852 0.3157 -0.122297 0.0276171 0.281532 -0.191687 0.0373278 0.331371 -0.174315 0.013419 0.26707 -0.129674 0.048388 0.241442 -0.130145 0.0588491 0.185594 -0.128255 0.0811292 0.182716 -0.187199 0.0793605 0.150375 -0.164966 0.0959922 0.243897 -0.192698 0.0533304 0.249622 -0.261335 0.0552758 0.378599 -0.136958 -0.00548643 0.0462653 -0.115354 0.11876 0 -0.123666 0.127282 0 -0.115544 0.145084 0 -0.136837 0.123701 0.0875171 -0.400371 -0.00646972 0.159808 -0.394584 -0.0294751 0.131632 -0.420384 -0.00811116 0.101107 -0.424401 0.00638895 0.0793655 -0.426815 0.0162824 0.045499 -0.429193 0.0260283 0.248046 -0.375149 1.69435e-05 0.220717 -0.389646 -0.0570541 0.249492 -0.398066 -0.0744209 0.201585 -0.409413 -0.046379 0.166145 -0.4153 -0.0250685 0.249709 -0.351864 0.0205066 0.246253 -0.334888 0.05246 0.218934 -0.129735 0.0678702 0.211395 -0.191623 0.0666257 0.248424 -0.282359 0.0626083 0 -0.43375 0.0363969 0.269972 -0.387927 -0.0805483 0 -0.401969 0.00191366 0 0.469773 0.172955 0 0.652707 0.130827 0 0.606725 0.140302 0 0.543669 0.154415 0.0724923 -0.983512 -0.267943 0.0906863 -0.968888 -0.285165 0.0406175 -0.997221 -0.247593 0 -1 -0.239381 -0.720386 0.977884 -0.312459 -0.739028 0.896026 -0.307673 -0.683724 0.904483 -0.260106 -0.670317 0.982766 -0.27143 -0.620746 0.913641 -0.205144 -0.603806 0.987172 -0.21315 -0.507896 0.930945 -0.10886 -0.495392 0.994149 -0.120308 -0.404301 0.938334 -0.0315127 -0.389215 0.998393 -0.0429324 -0.288636 0.93929 0.0237859 -0.274798 1 0.0106058 -0.160337 0.931931 0.0574564 -0.155789 0.999964 0.041712 -0.0646005 0.915242 0.0739565 -0.0654915 0.998374 0.0548941 -0.754173 0.818165 -0.287734 -0.759333 0.739179 -0.260737 -0.700533 0.7561 -0.214909 -0.697636 0.826791 -0.240963 -0.634349 0.768416 -0.161549 -0.632617 0.835178 -0.186172 -0.518785 0.782194 -0.0639074 -0.517416 0.849877 -0.0895989 -0.40839 0.795788 0.00814674 -0.410943 0.858432 -0.0137375 -0.287917 0.802218 0.0568443 -0.293232 0.860669 0.0402784 -0.154664 0.774075 0.0906823 -0.160948 0.844801 0.0746546 -0.0485375 0.724827 0.113383 -0.0589808 0.813949 0.0941175 -0.748209 0.418772 -0.199147 -0.71525 0.492944 -0.173864 -0.72541 0.509506 -0.185479 -0.757683 0.46588 -0.208071 -0.760012 0.496047 -0.211438 -0.731255 0.530222 -0.193014 -0.740883 0.551726 -0.206702 -0.764045 0.525669 -0.219317 -0.754624 0.575883 -0.222483 -0.757522 0.681277 -0.243486 -0.696261 0.712487 -0.19734 -0.755614 0.634031 -0.233427 -0.689944 0.67835 -0.185852 -0.681959 0.642044 -0.174676 -0.673292 0.60647 -0.156659 -0.67169 0.587192 -0.141931 -0.664491 0.55882 -0.135552 -0.669921 0.570446 -0.13317 -0.73988 0.26332 -0.17791 -0.711349 0.313668 -0.152922 -0.710434 0.354999 -0.166699 -0.745373 0.333507 -0.194061 -0.706218 0.410827 -0.164383 -0.684546 0.477628 -0.134134 -0.659298 0.541312 -0.116228 -0.630584 0.733955 -0.146153 -0.625362 0.706877 -0.134503 -0.619578 0.67783 -0.125633 -0.614836 0.641535 -0.108601 -0.516789 0.755217 -0.0518257 -0.51344 0.734485 -0.0444779 -0.508532 0.709261 -0.038723 -0.501917 0.674511 -0.0251684 -0.157334 0.734928 0.10692 -0.0481081 0.677735 0.128309 -0.287107 0.770395 0.0719024 -0.405292 0.769092 0.0211576 -0.163479 0.698368 0.117209 -0.0542424 0.639224 0.135881 -0.287201 0.739873 0.0817667 -0.402544 0.746555 0.028607 -0.174114 0.660564 0.118916 -0.0680005 0.598302 0.139586 -0.288352 0.706269 0.0843959 -0.400159 0.720292 0.0319001 -0.189709 0.612012 0.12411 -0.0958372 0.544393 0.151467 -0.290099 0.658766 0.0910103 -0.395737 0.680094 0.0414551 -0.0388132 0.494846 0.167153 -0.116526 0.515167 0.171102 -0.0636341 0.45784 0.177061 -0.0979698 0.431961 0.171933 -0.137925 0.47656 0.171059 -0.163395 0.450188 0.143319 -0.136777 0.411701 0.153445 -0.605664 0.590764 -0.0921138 -0.608556 0.604241 -0.0845567 -0.61203 0.622205 -0.0915105 -0.498357 0.65562 -0.010079 -0.393979 0.65489 0.0594167 -0.497356 0.628455 -0.0022111 -0.39567 0.61822 0.0688052 -0.496957 0.605826 -0.0100912 -0.39722 0.587829 0.0572996 -0.206612 0.584688 0.14933 -0.296275 0.630504 0.115132 -0.22396 0.540025 0.155566 -0.30502 0.587826 0.124356 -0.236733 0.50219 0.131502 -0.309981 0.550243 0.106449 -0.0456086 -0.452452 0.0779817 -0.054838 -0.499332 0.0719509 -0.0834591 -0.446961 0.067172 -0.0975866 -0.491011 0.0573218 -0.108323 -0.441931 0.0576593 -0.12424 -0.483329 0.0458985 -0.145587 -0.433499 0.0428923 -0.165838 -0.470358 0.0321941 -0.187306 -0.422262 0.0261446 -0.211832 -0.451742 0.0166527 -0.228721 -0.409189 0.0058779 -0.253013 -0.430397 0.000595025 -0.28308 -0.391455 -0.0201256 -0.0347643 -0.65334 -0.00287708 -0.0484976 -0.545428 0.0454454 -0.0900105 -0.539564 0.0277933 -0.0668056 -0.645871 -0.0174827 -0.091763 -0.530098 0.0404522 -0.0497634 -0.535899 0.0580779 -0.132575 -0.613347 -0.0469008 -0.0803442 -0.637148 -0.0333692 -0.109354 -0.531631 0.0128099 -0.137398 -0.521758 0.0178253 -0.163431 -0.50916 0.0027936 -0.215999 -0.486795 -0.00991772 -0.266274 -0.460261 -0.0240716 -0.307741 -0.420598 -0.0323698 -0.546872 -0.480392 -0.225323 -0.499784 -0.463757 -0.171253 -0.538195 -0.373792 -0.163817 -0.580538 -0.390221 -0.220511 -0.442106 -0.436093 -0.119633 -0.492711 -0.346462 -0.123338 -0.384626 -0.39839 -0.0767156 -0.443756 -0.315208 -0.096042 -0.327489 -0.370038 -0.0315483 -0.415619 -0.290381 -0.0623458 -0.640719 -0.175578 -0.203884 -0.614645 -0.173539 -0.160487 -0.655983 -0.0727423 -0.146536 -0.675472 -0.0716307 -0.186771 -0.609066 -0.289296 -0.216945 -0.575008 -0.279391 -0.165066 -0.580778 -0.166239 -0.12984 -0.619827 -0.0740093 -0.112946 -0.537474 -0.261162 -0.130183 -0.539388 -0.154743 -0.115576 -0.574358 -0.0744713 -0.1059 -0.492652 -0.239447 -0.112501 -0.512031 -0.145909 -0.0933954 -0.536193 -0.0747276 -0.0709675 -0.465724 -0.221476 -0.0851543 -0.673263 -0.0189827 -0.143279 -0.695447 -0.0129935 -0.182204 -0.638115 -0.0257343 -0.101885 -0.59708 -0.0320012 -0.0685882 -0.462673 -0.0768819 -0.0249287 -0.480462 -0.0407163 0.00725243 -0.557848 -0.0354743 -0.0417619 -0.305564 -0.0723133 0.0442074 -0.248069 -0.0802056 0.0657296 -0.28393 -0.029872 0.0750722 -0.33261 -0.0334803 0.0586114 -0.627251 0.016545 -0.0607606 -0.658373 0.024987 -0.100785 -0.519042 0.00275398 0.014535 -0.591812 0.0115333 -0.033487 -0.348866 0.0101466 0.0798698 -0.39141 0.00711062 0.0649477 -0.228034 -0.0223789 0.0966483 -0.163634 -0.00959238 0.125855 -0.232973 0.0303189 0.111924 -0.295872 0.0189659 0.0952089 -0.66287 0.125946 -0.0578737 -0.688494 0.138855 -0.0969943 -0.564536 0.0956457 0.00776402 -0.63076 0.114818 -0.0340315 -0.415069 0.0872533 0.0777278 -0.452313 0.0881504 0.0619076 -0.133983 0.0458348 0.147641 -0.226627 0.101826 0.11748 -0.314342 0.0925986 0.10151 -0.136828 -0.0729619 0.120271 -0.164875 -0.0782827 0.206763 -0.172 -0.018342 0.209184 -0.113881 -0.0715413 0.251007 -0.115129 -0.00957759 0.249156 -0.0309762 -0.0998181 0.211171 -0.0405021 -0.109108 0.25871 -0.0627245 -0.0848807 0.209194 -0.100136 -0.104287 0.208749 -0.0803213 -0.0962706 0.152441 -0.0461153 -0.0771025 0.14673 -0.0551655 -0.0712764 0.284475 -0.0672132 -0.10664 0.251359 -0.053232 -0.00885508 0.286568 -0.0381585 0.055391 0.257435 -0.667332 0.211729 -0.0604192 -0.689717 0.226393 -0.0953709 -0.580697 0.183679 -0.00474107 -0.639143 0.201832 -0.0400452 -0.451925 0.161331 0.059785 -0.48359 0.166328 0.0445696 -0.299259 0.150479 0.109735 -0.373096 0.153779 0.0889375 -0.0523698 0.124979 0.223784 -0.0633242 0.0545191 0.233326 -0.0451881 0.205689 0.205539 -0.112372 0.194824 0.154755 -0.111987 0.123457 0.160076 -0.0387093 0.297727 0.19912 -0.0813592 0.290764 0.175123 -0.0627455 0.386424 0.18143 -0.105662 0.36975 0.163796 -0.645937 0.253193 -0.0548666 -0.6682 0.271227 -0.0857452 -0.61429 0.28649 -0.0561296 -0.633685 0.303376 -0.0782583 -0.560028 0.319049 -0.0552871 -0.572706 0.324891 -0.0647997 -0.567963 0.225169 -0.00982332 -0.620219 0.24272 -0.0381863 -0.550111 0.259627 -0.0199086 -0.593148 0.276275 -0.043094 -0.518612 0.307191 -0.0277055 -0.546085 0.31464 -0.0458695 -0.205116 0.167709 0.122275 -0.243917 0.209328 0.115771 -0.329984 0.194343 0.10028 -0.38766 0.197177 0.0780311 -0.447849 0.203664 0.0515474 -0.476673 0.208319 0.0370412 -0.255672 0.247846 0.10706 -0.32876 0.234134 0.0896713 -0.379737 0.235907 0.0681843 -0.434365 0.241508 0.0420328 -0.462332 0.245335 0.0271632 -0.282529 0.300146 0.0898359 -0.33558 0.294439 0.0744784 -0.375804 0.295509 0.055484 -0.421555 0.298829 0.031629 -0.445187 0.300613 0.0176021 -0.115841 0.296112 0.156176 -0.156242 0.23836 0.13769 -0.14615 0.300723 0.138435 -0.182576 0.265293 0.124108 -0.207997 0.314494 0.107514 -0.232272 0.304706 0.0997881 -0.171928 0.439046 0.144124 -0.186688 0.410603 0.141317 -0.15591 0.384201 0.145384 -0.131558 0.355727 0.150472 -0.201321 0.379745 0.132171 -0.175398 0.360306 0.134392 -0.156558 0.341279 0.136894 -0.236118 0.349646 0.105312 -0.218119 0.338275 0.107405 -0.210571 0.329507 0.108519 -0.608813 0.370605 -0.0862898 -0.56596 0.387873 -0.0458562 -0.605721 0.458336 -0.0488158 -0.668086 0.418556 -0.121034 -0.613887 0.521459 -0.0570587 -0.605924 0.573938 -0.0769663 -0.495755 0.407092 0.00479758 -0.511619 0.488998 0.0204811 -0.509125 0.544818 0.0172169 -0.498152 0.592024 -0.000583344 -0.427447 0.407613 0.0465089 -0.425041 0.482779 0.0697922 -0.414327 0.531826 0.0717696 -0.400191 0.574194 0.0622634 -0.292887 0.374893 0.0972971 -0.269393 0.421906 0.125407 -0.359397 0.394528 0.0766575 -0.343767 0.45635 0.104025 -0.255786 0.455903 0.133221 -0.329526 0.498173 0.110656 -0.241466 0.487325 0.13268 -0.313743 0.535415 0.107966 -0.0329568 -0.326812 0.0869833 -0.0898486 -0.388474 0.0563128 -0.0259966 -0.267706 0.113913 -0.0499269 -0.240784 0.133736 -0.104251 -0.171667 0.107894 -0.147822 -0.22768 0.0999957 -0.131018 -0.251139 0.117032 -0.0918748 -0.1788 0.132739 -0.0478436 -0.161678 0.115257 -0.0473057 -0.178404 0.134687 -0.0780805 -0.295357 0.123669 -0.0522836 -0.310632 0.0966712 -0.120584 -0.367134 0.0764666 -0.144753 -0.347569 0.104017 -0.179563 -0.256378 0.0879016 -0.173375 -0.283926 0.102396 -0.50039 -0.143688 -0.0887038 -0.531661 -0.0668132 -0.0758535 -0.4559 -0.213893 -0.0756366 -0.414132 -0.275807 -0.0530161 -0.329171 -0.342467 -0.0139307 -0.211782 -0.26001 0.0730021 -0.209027 -0.283182 0.0834948 -0.486349 -0.139404 -0.0608802 -0.517696 -0.0672282 -0.0556305 -0.444776 -0.203392 -0.0469473 -0.401597 -0.264405 -0.0271495 -0.321459 -0.325492 0.0142595 -0.411321 -0.179479 -0.0230338 -0.448878 -0.127204 -0.0391636 -0.483114 -0.0659684 -0.0343329 -0.195991 -0.341167 0.0779907 -0.189858 -0.358942 0.0464446 -0.366983 -0.24373 -0.00428966 -0.305236 -0.281173 0.0324894 -0.430643 -0.128596 -0.0282227 -0.392265 -0.176954 -0.0156108 -0.347401 -0.231753 0.00370197 -0.295567 -0.259312 0.0326419 -0.252273 -0.755252 -0.168495 -0.29331 -0.80465 -0.227259 -0.173079 -0.913767 -0.253238 -0.164324 -0.837815 -0.186703 -0.0982598 -0.869897 -0.184579 -0.0963847 -0.757544 -0.0993498 -0.143763 -0.732073 -0.105619 -0.454504 -0.545644 -0.181938 -0.366304 -0.644313 -0.171025 -0.30773 -0.596821 -0.115801 -0.389753 -0.516863 -0.125332 -0.0406175 -0.98464 -0.217201 -0.0462009 -0.897013 -0.146123 -0.206677 -0.676925 -0.103432 -0.502667 -0.564916 -0.229131 -0.416044 -0.672313 -0.219242 -0.273962 -0.529002 -0.067947 -0.339924 -0.470449 -0.077335 -0.194181 -0.577429 -0.0544354 -0.0823862 -0.883402 -0.167167 -0.0431671 -0.775063 -0.0673565 -0.0816786 -0.766331 -0.0842606 -0.0724923 -0.970931 -0.237551 -0.0906863 -0.956307 -0.254773 -0.11788 -0.522383 0.0257626 -0.159464 0.139999 0.132411 -0.675748 0.38616 -0.139472 -0.610166 0.357932 -0.0935809 -0.671017 0.34004 -0.125086 -0.674461 0.361091 -0.137653 -0.59791 0.337862 -0.083911 -0.604105 0.346648 -0.0910592 -0.0476082 -0.132583 0.116535 -0.106667 -0.135449 0.109544 -0.408485 0.238768 0.0545223 -0.400091 0.297283 0.0430371 -0.419346 0.200456 0.0642176 -0.415293 0.157752 0.0734907 -0.368559 0.089532 0.0899454 -0.177671 -0.384542 0.0272477 -0.143716 -0.119046 0.0988406 -0.101418 -0.114533 0.112986 -0.653534 0.321882 -0.102467 -0.585853 0.331053 -0.0743123 -0.69082 0.290933 -0.11961 -0.713617 0.242116 -0.135286 -0.736071 0.16142 -0.177362 -0.714108 0.152363 -0.139464 -0.71309 0.0460497 -0.181502 -0.688569 0.0341501 -0.144644 -0.195343 -0.0698964 0.0891955 -0.518954 0.253386 -0.00328111 -0.493624 0.304224 -0.0119177 -0.490643 0.249361 0.0119411 -0.469405 0.302419 0.00284222 -0.534756 0.21817 0.00732162 -0.505714 0.213245 0.0221814 -0.545137 0.17666 0.0140017 -0.514364 0.171494 0.0292856 -0.523563 0.0908855 0.0285032 -0.487938 0.089518 0.0452054 -0.472707 0.00328724 0.0350913 -0.432058 0.00519898 0.0500195 -0.427467 -0.0390659 0.0283367 -0.380038 -0.0362731 0.0434741 -0.408833 -0.0733736 0.00139738 -0.357312 -0.072555 0.0229736 -0.415179 -0.108774 -0.0188703 -0.405942 -0.0923379 -0.00802528 -0.36568 -0.105152 0.00817852 -0.3157 -0.122297 0.0276171 -0.281532 -0.191687 0.0373278 -0.331371 -0.174315 0.013419 -0.26707 -0.129674 0.048388 -0.241442 -0.130145 0.0588491 -0.185594 -0.128255 0.0811292 -0.150375 -0.164966 0.0959922 -0.182716 -0.187199 0.0793605 -0.249622 -0.261335 0.0552758 -0.243897 -0.192698 0.0533304 -0.378599 -0.136958 -0.00548643 -0.0462653 -0.115354 0.11876 -0.159808 -0.394584 -0.0294751 -0.0875171 -0.400371 -0.00646972 -0.101107 -0.424401 0.00638895 -0.131632 -0.420384 -0.00811116 -0.045499 -0.429193 0.0260283 -0.0793655 -0.426815 0.0162824 -0.248046 -0.375149 1.69435e-05 -0.220717 -0.389646 -0.0570541 -0.201585 -0.409413 -0.046379 -0.249492 -0.398066 -0.0744209 -0.166145 -0.4153 -0.0250685 -0.246253 -0.334888 0.05246 -0.249709 -0.351864 0.0205066 -0.218934 -0.129735 0.0678702 -0.211395 -0.191623 0.0666257 -0.248424 -0.282359 0.0626083 -0.269972 -0.387927 -0.0805483 -0.0906863 -0.968888 -0.285165 -0.0724923 -0.983512 -0.267943 -0.0406175 -0.997221 -0.247593 </float_array>
          <technique_common>
            <accessor count="886" offset="0" source="#meshId0-positions-array" stride="3">
              <param name="X" type="float" />
              <param name="Y" type="float" />
              <param name="Z" type="float" />
            </accessor>
          </technique_common>
        </source>
        <source id="meshId0-normals" name="meshId0-normals">
          <float_array id="meshId0-normals-array" count="2658"> 0.64506 0.203199 0.736619 0.650338 0.213636 0.728986 0.647496 0.250288 0.719795 0.643987 0.255935 0.720957 0.649852 0.233383 0.723343 0.648416 0.250168 0.719008 0.612127 0.258194 0.74742 0.615361 0.252212 0.746807 0.492402 0.2755 0.825615 0.50537 0.252639 0.825091 0.319898 0.260326 0.910986 0.330766 0.23747 0.913346 0.185251 0.235608 0.954029 0.184244 0.216137 0.958822 0.0885964 0.218607 0.971783 0.0840798 0.203989 0.975356 0 0.211042 0.977477 0 0.2017 0.979447 0.639601 0.29247 0.710895 0.640502 0.287977 0.711917 0.64044 0.257275 0.723634 0.642612 0.249311 0.724495 0.641328 0.277083 0.715489 0.639167 0.267655 0.72099 0.609316 0.265029 0.747324 0.599649 0.282673 0.748677 0.49475 0.250015 0.832295 0.472071 0.3062 0.826674 0.317917 0.226238 0.920731 0.281022 0.311694 0.907675 0.173931 0.203932 0.963411 0.125556 0.290023 0.948748 0.0742532 0.198039 0.977378 0.0223705 0.261701 0.96489 0 0.199871 0.979822 0 0.241221 0.97047 0.665412 0.0204175 0.746197 0.636688 0.0535 0.769263 0.647216 0.0458091 0.760929 0.684127 0.0347924 0.728533 0.621211 0.0957378 0.777773 0.625396 0.154762 0.764807 0.656899 0.182781 0.731488 0.685591 0.157115 0.710831 0.636479 0.152566 0.756054 0.644045 0.189219 0.741217 0.643073 0.169382 0.746838 0.64076 0.128457 0.756918 0.631899 0.126502 0.764657 0.65354 0.147805 0.74232 0.698665 0.253824 0.668909 0.719828 0.254256 0.645911 0.63086 -0.045809 0.774543 0.655284 0.0223404 0.755052 0.804615 0.0991883 0.585454 0.69068 0.100134 0.716194 0.658327 0.109289 0.744756 0.71727 0.213973 0.663128 0.686042 -0.0193796 0.727304 0.751384 0.0595737 0.657171 0.740803 0.289662 0.606059 0.644633 0.212202 0.734451 0.644006 0.131872 0.753569 0.650113 0.148993 0.745087 0.668191 0.314136 0.674417 0.599159 0.239517 0.763964 0.597196 0.134986 0.790656 0.592288 0.135597 0.794234 0.577553 0.326987 0.748005 -0.00482197 0.256389 0.966562 0.0939684 0.322893 0.941759 0.264541 0.344257 0.900836 0.464595 0.293687 0.835404 0.0371112 0.174111 0.984026 0.143774 0.187813 0.971625 0.301069 0.196603 0.933116 0.47631 0.160622 0.864482 0.0684239 0.183634 0.98061 0.176063 0.13999 0.974374 0.325763 0.122199 0.937521 0.480339 0.118353 0.869061 -0.047701 0.339064 0.939553 0.031954 0.398189 0.916747 0.229902 0.398612 0.887836 0.440171 0.347364 0.828002 -0.0387898 0.261122 0.964526 0.0218822 0.143562 0.989399 -0.0328997 0.259779 0.965107 0.258068 -0.0612512 0.964183 0.348985 -0.105809 0.931136 0.29802 -0.119574 0.947041 0.264079 -0.125219 0.956338 0.592435 -0.0841103 0.801216 0.593685 0.00292995 0.804692 0.658603 0.322252 0.679997 0.420008 0.421443 0.803728 0.55866 0.35363 0.75023 0.540343 9.16947e-05 0.841445 0.580876 -0.0332965 0.813311 0.521055 0.0412926 0.852524 0.575446 0.0681807 0.814993 0.0257578 0.411911 0.91086 0.210307 0.469598 0.857466 0.325608 -0.0877727 0.941422 0.438194 -0.0104984 0.898819 0.333884 -0.126534 0.934083 0.445149 -0.0577416 0.893593 0 0.496031 0.868305 0 -0.214943 0.976627 0.247876 -0.233745 0.940171 0.120918 0.485502 0.865833 0.411032 -0.260389 0.873642 0.226425 0.514164 0.827265 0.437434 -0.286089 0.852528 0.232314 0.544346 0.806051 0.416467 -0.302325 0.857412 0.191203 0.578798 0.792738 0.43224 -0.246837 0.867318 0.157449 0.639441 0.752546 0.464691 -0.11396 0.878109 0.111669 0.725466 0.679138 0.067203 0.641145 0.764472 0.290817 -0.428092 0.855665 0.289143 -0.633313 0.717852 0 -0.630713 0.776016 0 -0.443878 0.896087 0.532192 -0.622102 0.574248 0.594815 -0.374193 0.711459 0.264545 -0.591411 0.761741 0.441248 -0.618291 0.650397 0.364276 -0.444999 0.818095 0.417045 -0.49844 0.76002 0.410877 -0.536706 0.736971 0.497004 -0.633211 0.593322 0.60138 -0.387166 0.698888 0.436765 -0.487122 0.756273 0.491326 -0.383899 0.781806 0.491856 -0.266223 0.828977 0.646242 -0.352068 0.677067 0.722977 -0.291919 0.626169 0.647502 -0.277453 0.709762 0.589111 -0.346056 0.730201 0.498593 -0.198528 0.843796 0.493367 -0.294995 0.818271 0.515617 -0.194253 0.834509 0.507535 -0.266128 0.819503 0.621249 -0.303575 0.722421 0.437211 -0.389755 0.810517 0.803054 -0.335407 0.492551 0.834281 -0.340201 0.433865 0.755222 -0.349045 0.554804 0.71427 -0.330278 0.617036 0.773992 -0.279493 0.568172 0.690162 -0.266036 0.67298 0.501029 -0.405199 0.764712 0.443597 -0.259505 0.857834 0.476344 -0.185007 0.859574 0.404899 -0.465083 0.787245 0.417232 -0.257432 0.871577 0.475913 -0.183877 0.860056 0.334062 -0.516414 0.788492 0.403283 -0.277452 0.872 0.596023 -0.232866 0.76846 0.851454 -0.274581 0.446801 0.80535 -0.291339 0.516269 0.659198 -0.398375 0.637773 0.520685 -0.549526 0.653382 0.481168 -0.605625 0.633795 0.366876 -0.593973 0.71596 0.412435 -0.527431 0.742774 0.348135 -0.359641 0.865714 0.271349 -0.502564 0.820853 0.276687 -0.427543 0.860611 0.347159 -0.279863 0.895074 0.79283 -0.282334 0.5401 0.67772 -0.33889 0.652571 0.564087 -0.359669 0.743266 0.46875 -0.349021 0.811454 0.307452 -0.365958 0.878378 0.263229 -0.347157 0.900107 0.304978 -0.334917 0.891526 0.236674 -0.272168 0.93269 0.266581 -0.174018 0.947973 0.774608 -0.152901 0.61368 0.847148 -0.129218 0.515406 0.735885 -0.129891 0.664531 0.580236 -0.107886 0.807271 0.503717 -0.0875896 0.859417 0.393363 -0.100256 0.9139 0.32765 -0.093479 0.940163 0.229901 -0.0889938 0.969136 0.240033 -0.0270398 0.970388 0.624559 0.264577 0.734796 0.907368 0.208447 0.36501 0.786579 -0.569311 0.23912 0.642431 -0.574159 0.507566 0.589477 0.330187 0.73722 0.536165 -0.386772 0.750289 0.420431 -0.891218 -0.170205 0.342279 -0.881136 0.326257 0 -0.882362 0.470571 0 -0.997219 -0.074528 -0.0997969 -0.968366 -0.228709 0.139901 -0.948119 0.28548 -0.0574979 -0.958237 0.280135 0.0994603 -0.993199 0.0605187 0.281634 -0.916136 0.285266 0.402884 -0.320787 0.857193 0.498989 0.201152 0.84294 0.570249 0.360583 0.738103 0 0.408009 0.912978 0 0.160468 0.987041 0 -0.351123 0.936329 0.814413 0.106116 0.570501 0.708209 0.0992501 0.698992 0.525515 0.0956483 0.84539 0.464599 0.120949 0.877223 0.416153 0.127782 0.900271 0.376364 0.118873 0.918814 0.291153 0.0330829 0.956104 0.206887 -0.0103152 0.978311 0.641305 0.388238 0.661814 0.62641 0.220167 0.747755 0.593031 0.110848 0.797513 0.497588 0.0361656 0.866659 0.515616 0.150611 0.843479 0 0.358564 0.933505 0 0.230756 0.973012 0.487846 0.0143746 0.872812 0.364273 0.107854 0.925026 0 0.163978 0.986464 0.412128 -0.0397356 0.910259 0.265153 0.0542943 0.962676 0.668709 0.333271 0.66465 0.553619 0.32152 0.7682 0.464327 0.491306 0.736898 0.394889 0.47488 0.786481 0.358117 0.54859 0.755513 0.332202 0.505552 0.796278 0.413047 0.2939 0.861983 0.383929 0.313766 0.868418 0.335164 0.428218 0.839223 0.356436 0.406732 0.841144 0.338487 0.442405 0.830485 0.387106 0.396536 0.832411 0.276501 0.14292 0.950327 0.230298 0.102819 0.967673 0.219676 -0.0205086 0.975357 0.348899 0.202161 0.915096 0.394892 0.30016 0.868311 0.378289 0.277117 0.883235 0.308972 0.218484 0.925635 0.255173 0.196515 0.946715 0.380363 0.253036 0.889548 0.415729 0.330856 0.847174 0.404468 0.303451 0.862742 0.339193 0.195294 0.920222 0.263806 0.201425 0.94331 0.4041 0.212259 0.889747 0.447416 0.285693 0.847466 0.433519 0.2559 0.864047 0.364884 0.0314956 0.93052 0.457215 -0.0186779 0.88916 0.352285 0.129616 0.926874 0.457815 0.000366372 0.889048 0.293652 0.186378 0.937567 0.427511 0.0151071 0.903884 0.305857 -0.122349 0.944183 0.207409 -0.0915575 0.97396 0.139317 0.0683313 0.987887 0.418478 -0.083256 0.904403 0.344775 -0.244672 0.906237 0.28389 -0.276444 0.918142 0.427423 -0.139595 0.893209 0.369866 -0.33425 0.866877 0.324538 -0.380479 0.865974 0.42885 -0.194832 0.882116 0.628518 -0.286059 0.723281 0.699875 -0.161296 0.695816 0.634831 -0.128547 0.761883 0.565822 -0.271955 0.778387 0.674811 0.164072 0.719521 0.635111 0.422237 0.6468 0.535181 -0.0811803 0.840828 0.507966 -0.253098 0.823354 0.533423 0.236344 0.812159 0.496299 0.446431 0.744571 0.461394 -0.093176 0.882289 0.470209 -0.254255 0.845138 0.41796 0.193492 0.88762 0.390215 0.347031 0.85282 0.34908 -0.342701 0.872181 0.301986 -0.227886 0.925674 0.412066 -0.282422 0.866279 0.385151 -0.148597 0.910812 0.218485 -0.0132145 0.975751 0.318318 0.096869 0.943022 0.160011 0.110754 0.980882 0.284345 0.209604 0.935529 0 -0.812536 0.582911 0.0360433 -0.823441 0.566255 -0.0796236 -0.463672 0.882422 0 -0.455471 0.890251 0 -0.398393 0.917215 0 -0.440144 0.897927 -0.218091 -0.442408 0.869892 0 0.152078 0.988369 -0.0402546 -0.226451 0.97319 0 -0.264111 0.964492 0.342306 0.229628 0.911097 0.307083 0.431723 0.848125 0.391101 0.0724522 0.917492 0.51425 0.180949 0.838334 0 0.375197 0.926945 0.0601534 0.430229 0.900713 0.128945 0.398524 0.908048 0 0.396198 0.918165 -0.216444 -0.507232 0.834187 -0.110755 -0.373527 0.920984 0.0468162 -0.733982 0.677553 0.168099 -0.578304 0.798315 0.415002 0.0335714 0.909201 0.460906 0.214247 0.861199 0.463046 -0.352839 0.813077 0.529209 -0.309193 0.790151 0.701498 -0.306388 0.643449 0.703321 -0.373863 0.604621 0.530087 -0.565703 0.631655 0.461907 0.0710487 0.884078 0.424368 0.204112 0.882185 0.662535 -0.355545 0.659269 0.66654 -0.326739 0.67005 0.676333 -0.263776 0.687747 0.654213 -0.312701 0.688639 0.515134 -0.484493 0.707039 0.490223 -0.230233 0.840639 0.463492 -0.0761448 0.882823 0.471129 -0.306812 0.826985 0.315874 -0.782116 0.537139 0.418456 -0.571726 0.705708 0.47524 -0.0318616 0.879279 0.476154 -0.00640881 0.879338 0.429167 -0.183453 0.884398 0.409053 -0.0403467 0.911618 0.425991 0.0505404 0.903315 0.4371 0.12217 0.891077 0.40536 -0.494385 0.768939 0.346915 -0.564397 0.74907 0.345932 -0.62866 0.696504 0.420644 -0.531032 0.735571 0.347859 -0.4649 0.814163 0.590643 -0.406397 0.697125 0.57798 -0.513737 0.634045 0.537259 -0.381978 0.751961 0.474024 -0.36153 0.802868 0.433888 -0.384966 0.814581 0.480619 -0.415643 0.77217 0 -0.614071 0.78925 0.367661 -0.751527 0.547753 0.374534 -0.553134 0.744155 0 -0.588651 0.808388 0 -0.793865 0.608095 0.368549 -0.420767 0.828931 0.511077 -0.425959 0.746565 0.575017 -0.384575 0.72212 0.479737 -0.349846 0.804649 0.437524 -0.405722 0.802473 0.382472 -0.432097 0.816705 0.680894 -0.458222 0.571328 0.647795 -0.370286 0.66577 0.325544 -0.46883 0.821109 0.667213 -0.616551 0.417962 0.620086 -0.658296 0.426778 0.431751 -0.66046 0.614316 0 -0.498746 0.866748 0.331531 -0.0108647 0.943382 0.650792 -0.0880784 0.75413 0.600398 -0.124303 0.789981 0.5968 0.145759 0.78904 0.56354 0.357931 0.744519 0.487055 0.28743 0.824719 0.411743 0.482824 0.772884 0.138189 -0.104832 0.984842 0.205879 -0.0506302 0.977267 0.392018 0.278518 0.876784 0.417195 0.233165 0.878398 0.360185 0.247143 0.899548 0.321544 0.100651 0.94153 0.258554 -0.0777612 0.962862 0.236857 -0.881536 0.408403 0.390611 -0.201638 0.898201 0.239855 -0.383786 0.891727 0.378075 0.531313 0.758133 0.510099 0.449396 0.733377 0.713541 0.276078 0.643926 0.830363 0.0806315 0.551358 0.862679 -0.0973248 0.496299 0.860086 -0.113073 0.49746 0.854196 -0.215952 0.472983 0.838461 -0.234145 0.492096 0.375113 -0.280839 0.883413 0.428367 0.355579 0.830701 0.394673 0.386982 0.833354 0.442865 0.318957 0.837936 0.410358 0.358842 0.838355 0.387197 0.326158 0.86238 0.392942 0.316185 0.863495 0.428706 0.139352 0.892632 0.420284 0.136544 0.89706 0.427428 -0.0654951 0.901674 0.405695 -0.0769699 0.910762 0.3589 -0.317578 0.877688 0.32283 -0.33342 0.885783 0.274244 -0.564632 0.778448 0.26103 -0.53848 0.801189 0.314136 -0.520477 0.793992 0.333941 -0.444359 0.831281 0.387683 -0.313705 0.866771 0.38604 -0.249771 0.888024 0.419942 -0.245342 0.87376 0.413227 -0.165535 0.895456 0.425616 -0.0218209 0.904641 0.437766 -0.0653412 0.896712 0.395015 -0.130044 0.909424 0.37493 -0.120795 0.91915 0.394038 -0.12568 0.910461 0.419387 0.02353 0.907502 0.349722 0.000549502 0.936853 0.396747 -0.00354006 0.917921 0.425434 0.16407 0.889993 0.43148 -0.131385 0.892504 0.13691 -0.482329 0.865225 0 -0.450372 0.892841 0 -0.918165 0.396198 0 -0.117804 0.993037 0.069705 -0.980418 0.184181 0.140144 -0.978325 0.152444 -0.0812119 0.962976 0.257064 -0.0307027 0.948181 0.316243 0.000976609 0.93141 0.36397 -0.000793489 0.914863 0.403764 0.270981 -0.840196 0.469723 0.150185 -0.974446 0.167031 -0.311637 0.944585 0.103156 -0.202403 0.973589 0.105626 -0.138253 0.973783 0.180644 0.345843 -0.720588 0.600953 0.423636 -0.546079 0.722724 0.371546 -0.119789 0.920654 0.397088 0.0130014 0.917688 0.460326 0.0447417 0.886622 0 0.905243 0.424894 -0.667116 0.0488306 0.743352 0 -0.977405 0.211376 0 0.222882 0.974845 0 0.219612 0.975587 0 0.180121 0.983644 0 0.227304 0.973824 0.668777 -0.686936 0.284352 0.605072 -0.735633 0.30452 0.378339 -0.855284 0.354047 0 -0.923969 0.382467 -0.64506 0.203199 0.736619 -0.643987 0.255935 0.720957 -0.647496 0.250288 0.719795 -0.650338 0.213636 0.728986 -0.648416 0.250168 0.719008 -0.649852 0.233383 0.723343 -0.615361 0.252212 0.746807 -0.612127 0.258194 0.74742 -0.50537 0.252639 0.825091 -0.492402 0.2755 0.825615 -0.330766 0.23747 0.913346 -0.319898 0.260326 0.910986 -0.184244 0.216137 0.958822 -0.185251 0.235608 0.954029 -0.0840798 0.203989 0.975356 -0.0885964 0.218607 0.971783 -0.639601 0.29247 0.710895 -0.642612 0.249311 0.724495 -0.64044 0.257275 0.723634 -0.640502 0.287977 0.711917 -0.639167 0.267655 0.72099 -0.641328 0.277083 0.715489 -0.599649 0.282673 0.748677 -0.609316 0.265029 0.747324 -0.472071 0.3062 0.826674 -0.49475 0.250015 0.832295 -0.281022 0.311694 0.907675 -0.317917 0.226238 0.920731 -0.125556 0.290023 0.948748 -0.173931 0.203932 0.963411 -0.0223705 0.261701 0.96489 -0.0742532 0.198039 0.977378 -0.665412 0.0204175 0.746197 -0.684127 0.0347924 0.728533 -0.647216 0.0458091 0.760929 -0.636688 0.0535 0.769263 -0.621211 0.0957378 0.777773 -0.685591 0.157115 0.710831 -0.656899 0.182781 0.731488 -0.625396 0.154762 0.764807 -0.636479 0.152566 0.756054 -0.643073 0.169382 0.746838 -0.644045 0.189219 0.741217 -0.631899 0.126502 0.764657 -0.64076 0.128457 0.756918 -0.65354 0.147805 0.74232 -0.698665 0.253824 0.668909 -0.719828 0.254256 0.645911 -0.655284 0.0223404 0.755052 -0.63086 -0.045809 0.774543 -0.804615 0.0991883 0.585454 -0.71727 0.213973 0.663128 -0.658327 0.109289 0.744756 -0.69068 0.100134 0.716194 -0.686042 -0.0193796 0.727304 -0.751384 0.0595737 0.657171 -0.740803 0.289662 0.606059 -0.644633 0.212202 0.734451 -0.644006 0.131872 0.753569 -0.650113 0.148993 0.745087 -0.668191 0.314136 0.674417 -0.599159 0.239517 0.763964 -0.597196 0.134986 0.790656 -0.592288 0.135597 0.794234 -0.577553 0.326987 0.748005 -0.0939684 0.322893 0.941759 0.00482197 0.256389 0.966562 -0.264541 0.344257 0.900836 -0.464595 0.293687 0.835404 -0.143774 0.187813 0.971625 -0.0371112 0.174111 0.984026 -0.301069 0.196603 0.933116 -0.47631 0.160622 0.864482 -0.176063 0.13999 0.974374 -0.0684239 0.183634 0.98061 -0.325763 0.122199 0.937521 -0.480339 0.118353 0.869061 -0.031954 0.398189 0.916747 0.047701 0.339064 0.939553 -0.229902 0.398612 0.887836 -0.440171 0.347364 0.828002 0.0387898 0.261122 0.964526 0.0328997 0.259779 0.965107 -0.0218822 0.143562 0.989399 -0.258068 -0.0612512 0.964183 -0.264079 -0.125219 0.956338 -0.29802 -0.119574 0.947041 -0.348985 -0.105809 0.931136 -0.593685 0.00292995 0.804692 -0.592435 -0.0841103 0.801216 -0.658603 0.322252 0.679997 -0.55866 0.35363 0.75023 -0.420008 0.421443 0.803728 -0.580876 -0.0332965 0.813311 -0.540343 9.16947e-05 0.841445 -0.575446 0.0681807 0.814993 -0.521055 0.0412926 0.852524 -0.0257578 0.411911 0.91086 -0.210307 0.469598 0.857466 -0.325608 -0.0877727 0.941422 -0.438194 -0.0104984 0.898819 -0.333884 -0.126534 0.934083 -0.445149 -0.0577416 0.893593 -0.120918 0.485502 0.865833 -0.247876 -0.233745 0.940171 -0.226425 0.514164 0.827265 -0.411032 -0.260389 0.873642 -0.232314 0.544346 0.806051 -0.437434 -0.286089 0.852528 -0.191203 0.578798 0.792738 -0.416467 -0.302325 0.857412 -0.157449 0.639441 0.752546 -0.43224 -0.246837 0.867318 -0.111669 0.725466 0.679138 -0.464691 -0.11396 0.878109 -0.067203 0.641145 0.764472 -0.290817 -0.428092 0.855665 -0.289143 -0.633313 0.717852 -0.532192 -0.622102 0.574248 -0.594815 -0.374193 0.711459 -0.441248 -0.618291 0.650397 -0.264545 -0.591411 0.761741 -0.364276 -0.444999 0.818095 -0.60138 -0.387166 0.698888 -0.497004 -0.633211 0.593322 -0.410877 -0.536706 0.736971 -0.417045 -0.49844 0.76002 -0.436765 -0.487122 0.756273 -0.491326 -0.383899 0.781806 -0.491856 -0.266223 0.828977 -0.646242 -0.352068 0.677067 -0.589111 -0.346056 0.730201 -0.647502 -0.277453 0.709762 -0.722977 -0.291919 0.626169 -0.493367 -0.294995 0.818271 -0.498593 -0.198528 0.843796 -0.507535 -0.266128 0.819503 -0.515617 -0.194253 0.834509 -0.437211 -0.389755 0.810517 -0.621249 -0.303575 0.722421 -0.803054 -0.335407 0.492551 -0.71427 -0.330278 0.617036 -0.755222 -0.349045 0.554804 -0.834281 -0.340201 0.433865 -0.773992 -0.279493 0.568172 -0.690162 -0.266036 0.67298 -0.443597 -0.259505 0.857834 -0.501029 -0.405199 0.764712 -0.476344 -0.185007 0.859574 -0.417232 -0.257432 0.871577 -0.404899 -0.465083 0.787245 -0.475913 -0.183877 0.860056 -0.403283 -0.277452 0.872 -0.334062 -0.516414 0.788492 -0.596023 -0.232866 0.76846 -0.80535 -0.291339 0.516269 -0.851454 -0.274581 0.446801 -0.659198 -0.398375 0.637773 -0.520685 -0.549526 0.653382 -0.412435 -0.527431 0.742774 -0.366876 -0.593973 0.71596 -0.481168 -0.605625 0.633795 -0.348135 -0.359641 0.865714 -0.347159 -0.279863 0.895074 -0.276687 -0.427543 0.860611 -0.271349 -0.502564 0.820853 -0.67772 -0.33889 0.652571 -0.79283 -0.282334 0.5401 -0.46875 -0.349021 0.811454 -0.564087 -0.359669 0.743266 -0.263229 -0.347157 0.900107 -0.307452 -0.365958 0.878378 -0.304978 -0.334917 0.891526 -0.774608 -0.152901 0.61368 -0.266581 -0.174018 0.947973 -0.236674 -0.272168 0.93269 -0.735885 -0.129891 0.664531 -0.847148 -0.129218 0.515406 -0.503717 -0.0875896 0.859417 -0.580236 -0.107886 0.807271 -0.32765 -0.093479 0.940163 -0.393363 -0.100256 0.9139 -0.624559 0.264577 0.734796 -0.240033 -0.0270398 0.970388 -0.229901 -0.0889938 0.969136 -0.642431 -0.574159 0.507566 -0.786579 -0.569311 0.23912 -0.907368 0.208447 0.36501 -0.536165 -0.386772 0.750289 -0.589477 0.330187 0.73722 -0.420431 -0.891218 -0.170205 -0.342279 -0.881136 0.326257 0.0997969 -0.968366 -0.228709 -0.0994603 -0.993199 0.0605187 0.0574979 -0.958237 0.280135 -0.139901 -0.948119 0.28548 -0.402884 -0.320787 0.857193 -0.281634 -0.916136 0.285266 -0.498989 0.201152 0.84294 -0.570249 0.360583 0.738103 -0.708209 0.0992501 0.698992 -0.814413 0.106116 0.570501 -0.464599 0.120949 0.877223 -0.525515 0.0956483 0.84539 -0.376364 0.118873 0.918814 -0.416153 0.127782 0.900271 -0.206887 -0.0103152 0.978311 -0.291153 0.0330829 0.956104 -0.62641 0.220167 0.747755 -0.641305 0.388238 0.661814 -0.515616 0.150611 0.843479 -0.497588 0.0361656 0.866659 -0.593031 0.110848 0.797513 -0.364273 0.107854 0.925026 -0.487846 0.0143746 0.872812 -0.265153 0.0542943 0.962676 -0.412128 -0.0397356 0.910259 -0.553619 0.32152 0.7682 -0.668709 0.333271 0.66465 -0.394889 0.47488 0.786481 -0.464327 0.491306 0.736898 -0.332202 0.505552 0.796278 -0.358117 0.54859 0.755513 -0.383929 0.313766 0.868418 -0.413047 0.2939 0.861983 -0.356436 0.406732 0.841144 -0.335164 0.428218 0.839223 -0.387106 0.396536 0.832411 -0.338487 0.442405 0.830485 -0.219676 -0.0205086 0.975357 -0.230298 0.102819 0.967673 -0.276501 0.14292 0.950327 -0.348899 0.202161 0.915096 -0.378289 0.277117 0.883235 -0.394892 0.30016 0.868311 -0.255173 0.196515 0.946715 -0.308972 0.218484 0.925635 -0.380363 0.253036 0.889548 -0.404468 0.303451 0.862742 -0.415729 0.330856 0.847174 -0.263806 0.201425 0.94331 -0.339193 0.195294 0.920222 -0.4041 0.212259 0.889747 -0.43353 0.255907 0.864039 -0.447416 0.285693 0.847466 -0.457215 -0.0186779 0.88916 -0.364884 0.0314956 0.93052 -0.457815 0.000366372 0.889048 -0.352285 0.129616 0.926874 -0.427511 0.0151071 0.903884 -0.293652 0.186378 0.937567 -0.139317 0.0683313 0.987887 -0.207409 -0.0915575 0.97396 -0.305857 -0.122349 0.944183 -0.418478 -0.083256 0.904403 -0.28389 -0.276444 0.918142 -0.344775 -0.244672 0.906237 -0.427423 -0.139595 0.893209 -0.324538 -0.380479 0.865974 -0.369866 -0.33425 0.866877 -0.42885 -0.194832 0.882116 -0.628518 -0.286059 0.723281 -0.565801 -0.271959 0.7784 -0.634831 -0.128547 0.761883 -0.699875 -0.161296 0.695816 -0.674811 0.164072 0.719521 -0.635111 0.422237 0.6468 -0.507966 -0.253098 0.823354 -0.535181 -0.0811803 0.840828 -0.533423 0.236344 0.812159 -0.496299 0.446431 0.744571 -0.470209 -0.254255 0.845138 -0.461394 -0.093176 0.882289 -0.41796 0.193492 0.88762 -0.390215 0.347031 0.85282 -0.34908 -0.342701 0.872181 -0.301986 -0.227886 0.925674 -0.412066 -0.282422 0.866279 -0.385151 -0.148597 0.910812 -0.218485 -0.0132145 0.975751 -0.318318 0.096869 0.943022 -0.160011 0.110754 0.980882 -0.284345 0.209604 0.935529 0.0796236 -0.463672 0.882422 -0.0360433 -0.823441 0.566255 0.218091 -0.442408 0.869892 0.0402546 -0.226451 0.97319 -0.342306 0.229628 0.911097 -0.51425 0.180949 0.838334 -0.391101 0.0724522 0.917492 -0.307083 0.431723 0.848125 -0.128945 0.398524 0.908048 -0.0601534 0.430229 0.900713 0.110755 -0.373527 0.920984 0.216444 -0.507232 0.834187 -0.0468162 -0.733982 0.677553 -0.168099 -0.578304 0.798315 -0.460906 0.214247 0.861199 -0.415002 0.0335714 0.909201 -0.529209 -0.309193 0.790151 -0.463046 -0.352839 0.813077 -0.701498 -0.306388 0.643449 -0.703321 -0.373863 0.604621 -0.530087 -0.565703 0.631655 -0.424368 0.204112 0.882185 -0.461907 0.0710487 0.884078 -0.66654 -0.326739 0.67005 -0.662535 -0.355545 0.659269 -0.676333 -0.263776 0.687747 -0.654213 -0.312701 0.688639 -0.515134 -0.484493 0.707039 -0.463492 -0.0761448 0.882823 -0.490223 -0.230233 0.840639 -0.471129 -0.306812 0.826985 -0.418456 -0.571726 0.705708 -0.315874 -0.782116 0.537139 -0.47524 -0.0318616 0.879279 -0.476154 -0.00640881 0.879338 -0.429167 -0.183453 0.884398 -0.409053 -0.0403467 0.911618 -0.425991 0.0505404 0.903315 -0.4371 0.12217 0.891077 -0.40536 -0.494385 0.768939 -0.420644 -0.531032 0.735571 -0.345932 -0.62866 0.696504 -0.346915 -0.564397 0.74907 -0.57798 -0.513737 0.634045 -0.590643 -0.406397 0.697125 -0.347859 -0.4649 0.814163 -0.537259 -0.381978 0.751961 -0.480619 -0.415643 0.77217 -0.433888 -0.384966 0.814581 -0.474024 -0.36153 0.802868 -0.367661 -0.751527 0.547753 -0.374534 -0.553134 0.744155 -0.368549 -0.420767 0.828931 -0.575017 -0.384575 0.72212 -0.511077 -0.425959 0.746565 -0.437524 -0.405722 0.802473 -0.479737 -0.349846 0.804649 -0.382472 -0.432097 0.816705 -0.680894 -0.458222 0.571328 -0.325544 -0.46883 0.821109 -0.647795 -0.370286 0.66577 -0.667213 -0.616551 0.417962 -0.620086 -0.658296 0.426778 -0.431751 -0.66046 0.614316 -0.331531 -0.0108647 0.943382 -0.650792 -0.0880784 0.75413 -0.600398 -0.124303 0.789981 -0.56354 0.357931 0.744519 -0.5968 0.145759 0.78904 -0.411743 0.482824 0.772884 -0.487055 0.28743 0.824719 -0.138189 -0.104832 0.984842 -0.205879 -0.0506302 0.977267 -0.392018 0.278518 0.876784 -0.417195 0.233165 0.878398 -0.360185 0.247143 0.899548 -0.321544 0.100651 0.94153 -0.258554 -0.0777612 0.962862 -0.236857 -0.881536 0.408403 -0.390611 -0.201638 0.898201 -0.239855 -0.383786 0.891727 -0.510099 0.449396 0.733377 -0.378075 0.531313 0.758133 -0.713541 0.276078 0.643926 -0.830363 0.0806315 0.551358 -0.862679 -0.0973248 0.496299 -0.860086 -0.113073 0.49746 -0.854196 -0.215952 0.472983 -0.838461 -0.234145 0.492096 -0.375113 -0.280839 0.883413 -0.394673 0.386982 0.833354 -0.428367 0.355579 0.830701 -0.410358 0.358842 0.838355 -0.442865 0.318957 0.837936 -0.387197 0.326158 0.86238 -0.392942 0.316185 0.863495 -0.428706 0.139352 0.892632 -0.420284 0.136544 0.89706 -0.427428 -0.0654951 0.901674 -0.405695 -0.0769699 0.910762 -0.3589 -0.317578 0.877688 -0.32283 -0.33342 0.885783 -0.274244 -0.564632 0.778448 -0.26103 -0.53848 0.801189 -0.314136 -0.520477 0.793992 -0.333941 -0.444359 0.831281 -0.38604 -0.249771 0.888024 -0.387683 -0.313705 0.866771 -0.419942 -0.245342 0.87376 -0.413227 -0.165535 0.895456 -0.425616 -0.0218209 0.904641 -0.437766 -0.0653412 0.896712 -0.395015 -0.130044 0.909424 -0.37493 -0.120795 0.91915 -0.394038 -0.12568 0.910461 -0.349722 0.000549502 0.936853 -0.419387 0.02353 0.907502 -0.425434 0.16407 0.889993 -0.396747 -0.00354006 0.917921 -0.43148 -0.131385 0.892504 -0.13691 -0.482329 0.865225 -0.140144 -0.978325 0.152444 -0.069705 -0.980418 0.184181 0.0307027 0.948181 0.316243 0.0812119 0.962976 0.257064 0.000793489 0.914863 0.403764 -0.000976609 0.93141 0.36397 -0.270981 -0.840196 0.469723 -0.150185 -0.974446 0.167031 0.202403 0.973589 0.105626 0.311637 0.944585 0.103156 0.138253 0.973783 0.180644 -0.423636 -0.546079 0.722724 -0.345843 -0.720588 0.600953 -0.371546 -0.119789 0.920654 -0.397088 0.0130014 0.917688 -0.460326 0.0447417 0.886622 0.667116 0.0488306 0.743352 -0.605072 -0.735633 0.30452 -0.668777 -0.686936 0.284352 -0.378339 -0.855284 0.354047 </float_array>
          <technique_common>
            <accessor count="886" offset="0" source="#meshId0-normals-array" stride="3">
              <param name="X" type="float" />
              <param name="Y" type="float" />
              <param name="Z" type="float" />
            </accessor>
          </technique_common>
        </source>
        <source id="meshId0-tangents" name="meshId0-tangents">
          <float_array id="meshId0-tangents-array" count="2658"> 0.758669 -0.0552496 -0.649129 0.753354 -0.0581317 -0.655041 0.751968 -0.0565634 -0.656768 0.754322 -0.0552552 -0.654175 0.752433 -0.06305 -0.655644 0.751734 -0.0612635 -0.656614 0.782536 -0.0618348 -0.619527 0.780307 -0.0607845 -0.622436 0.864157 -0.0416308 -0.501497 0.857731 -0.0425483 -0.512334 0.944606 -0.0131696 -0.327941 0.941293 -0.0137602 -0.33731 0.981649 0.000329023 -0.190696 0.982058 -0.000584461 -0.188578 0.995843 0.0012645 -0.0910744 0.99631 -0.000282096 -0.0858271 1 -3.57157e-05 7.71191e-06 1 0.000106217 -2.18731e-05 0.752928 -0.0519367 -0.656051 0.752752 -0.0518759 -0.656257 0.755924 -0.0446758 -0.653133 0.755113 -0.0458561 -0.653989 0.754218 -0.0564112 -0.654196 0.756619 -0.050854 -0.651875 0.783488 -0.0562372 -0.618858 0.788873 -0.051519 -0.612393 0.863954 -0.0380865 -0.502129 0.873177 -0.0333894 -0.486259 0.945991 -0.0106783 -0.324016 0.95569 -0.00450305 -0.294341 0.984086 0.000134494 -0.177692 0.990947 0.00916073 -0.133941 0.997136 -0.000616119 -0.0756295 0.999622 0.00956413 -0.0257697 1 0.000299067 -6.10052e-05 1 0.000428313 -0.000106462 0.746476 -0.0176547 -0.665178 0.770967 -0.024193 -0.636416 0.762245 -0.0261215 -0.646762 0.729356 -0.0283425 -0.683547 0.782434 -0.0206545 -0.622391 0.775869 -0.0189357 -0.63061 0.746967 -0.0257639 -0.664362 0.723056 -0.0335056 -0.689976 0.767138 -0.0236006 -0.641048 0.759148 -0.0385871 -0.649774 0.761539 -0.038646 -0.646966 0.765508 -0.0317617 -0.642642 0.773052 -0.0320601 -0.633532 0.753009 -0.0277464 -0.657425 0.698458 -0.0394342 -0.714564 0.67525 -0.040813 -0.736459 0.772846 -0.0513445 -0.632513 0.754032 -0.0790949 -0.652058 0.588955 -0.0076476 -0.80813 0.720868 -0.0165366 -0.692875 0.750137 -0.0131523 -0.661152 0.682049 -0.020847 -0.731009 0.727137 -0.0158825 -0.686308 0.659341 -0.028076 -0.75132 0.646028 -0.0600729 -0.760947 0.757463 -0.0473084 -0.651162 0.763247 -0.0437352 -0.644625 0.756956 -0.0416768 -0.652135 0.721115 -0.050407 -0.690979 0.793322 -0.0489728 -0.60683 0.800872 -0.0459242 -0.597072 0.804405 -0.0430754 -0.592518 0.800213 -0.045464 -0.59799 0.999903 0.013837 0.00131793 0.994408 0.0153591 -0.104488 0.959644 -0.00156276 -0.281213 0.878211 -0.031825 -0.477213 0.999266 0.00292632 -0.0382037 0.989105 0.00409589 -0.147152 0.952121 -0.00745603 -0.30563 0.877895 -0.0317745 -0.477797 0.997642 -0.00729004 -0.0682471 0.984143 -0.00338338 -0.177342 0.944949 -0.0097525 -0.327072 0.876543 -0.0300084 -0.480388 0.99874 0.0308535 0.0395715 0.997019 0.0517496 -0.0572294 0.965533 0.02097 -0.259436 0.886647 -0.0225197 -0.461899 0.999246 0.00849738 0.0378857 0.999721 0.00566531 -0.0229325 0.99911 0.0340316 0.0248985 0.965861 -0.00705932 -0.258965 0.936568 0.00503633 -0.350449 0.954398 0.0190579 -0.297929 0.964121 0.00645783 -0.265383 0.800938 -0.0455569 -0.597012 0.803099 -0.0651632 -0.592272 0.728999 -0.0492106 -0.682743 0.891081 -0.0237099 -0.453224 0.81085 -0.0426469 -0.583698 0.840817 -0.0387023 -0.539935 0.812459 -0.0375885 -0.581806 0.853523 -0.0240433 -0.520501 0.817683 -0.0284407 -0.574966 0.997106 0.0546042 -0.0528899 0.968115 0.0220711 -0.249533 0.945283 0.00864448 -0.326137 0.898652 -0.0174361 -0.438316 0.941868 0.00535968 -0.335941 0.894375 -0.0203652 -0.446854 0.999985 0.00482346 -0.00275546 0.999976 0.00678491 0.00149327 0.968719 0.0478979 -0.243494 0.987202 0.03255 -0.156119 0.910958 0.0807736 -0.404514 0.957011 0.0406316 -0.287191 0.897861 0.0862681 -0.431745 0.945002 0.0698332 -0.319522 0.907715 0.0852998 -0.410824 0.94732 0.102612 -0.303407 0.898911 0.041562 -0.436156 0.947771 0.116202 -0.297032 0.8808 -0.0422538 -0.471599 0.965906 0.0813931 -0.245767 0.997194 -0.0178238 -0.0727126 0.956765 0.125399 -0.262441 0.952159 0.112755 -0.284043 0.999974 0.00561937 0.00456718 0.999968 0.00716243 0.00354791 0.826247 0.233731 -0.512528 0.803564 0.252681 -0.538922 0.960381 0.0897622 -0.26384 0.880094 0.156568 -0.448242 0.928337 0.1036 -0.357011 0.901001 0.11682 -0.417792 0.896546 0.0911302 -0.433476 0.829709 0.146548 -0.538616 0.797358 0.23541 -0.5557 0.878308 0.0491918 -0.475558 0.845498 -0.00529228 -0.533952 0.84796 -0.0695973 -0.52547 0.754575 0.162308 -0.635824 0.683953 0.174469 -0.708357 0.758258 0.141601 -0.636391 0.801341 0.133972 -0.583013 0.866698 0.0968195 -0.489346 0.866983 0.0908446 -0.489987 0.856806 0.111473 -0.503446 0.858987 0.0818275 -0.505416 0.781288 0.168996 -0.600857 0.898494 0.228799 -0.374646 0.565277 0.167183 -0.807782 0.507393 0.165882 -0.845598 0.624152 0.124446 -0.771328 0.680038 0.119128 -0.723434 0.622447 0.171214 -0.763705 0.717854 0.134167 -0.683144 0.839232 0.0117122 -0.543647 0.890475 0.0193539 -0.454621 0.878889 0.071846 -0.471584 0.889582 0.001285 -0.456774 0.902307 0.00290865 -0.431084 0.879281 0.0780398 -0.469867 0.765867 -0.338902 -0.546437 0.908615 0.00837778 -0.417551 0.801992 0.125478 -0.584007 0.496659 0.148633 -0.855125 0.568247 0.131359 -0.812305 0.720246 0.090747 -0.687758 0.809154 0.0735299 -0.582978 0.835968 0.0993628 -0.539708 0.903835 0.0454249 -0.425463 0.910969 0.243831 -0.332688 0.93649 0.0917677 -0.338474 0.957191 0.0516143 -0.284818 0.958863 0.0637061 -0.276627 0.937764 0.0944694 -0.334178 0.588351 0.123452 -0.799126 0.71538 0.0986036 -0.691743 0.812297 0.0800946 -0.577719 0.874916 0.0569465 -0.480916 0.948046 0.0385068 -0.315794 0.962907 0.0371651 -0.267261 0.95211 0.085809 -0.293467 0.971302 0.0429374 -0.233943 0.963248 0.0817505 -0.25587 0.632438 0.190338 -0.750862 0.525971 0.0661675 -0.847925 0.674757 0.0589886 -0.735679 0.814202 0.0524671 -0.578206 0.863861 0.0469711 -0.501535 0.919383 0.0424874 -0.391062 0.944775 0.0395157 -0.325328 0.972911 0.0458573 -0.226585 0.969509 0.0574942 -0.238214 0.733615 0.123914 -0.668172 0.272969 0.368138 -0.888798 0.576072 0.537129 -0.616144 0.73494 0.273942 -0.620337 0.730567 0.171478 -0.660959 0.842303 0.186964 -0.50554 0.87888 0.446623 -0.167624 0.932494 0.275936 -0.233055 0.999997 0.00121553 0.00227924 0.999996 -0.000207717 0.00277895 0.924247 -0.00508587 -0.381761 0.96527 0.0663475 -0.252688 0.954029 -0.135412 -0.267381 0.885929 0.0606991 -0.459832 0.923817 0.178547 -0.338651 0.915174 0.153381 -0.372735 0.850123 0.0752003 -0.521186 0.809323 -0.0926461 -0.580012 0.999995 0.00288452 -0.00128909 0.999996 0.00270051 -0.000439043 0.999997 0.00240106 0.000900401 0.574262 -0.00609608 -0.818649 0.701504 0.0126744 -0.712553 0.845706 0.0496789 -0.531332 0.879357 0.0536666 -0.473129 0.904772 0.0404369 -0.423973 0.922862 0.0393574 -0.383114 0.955545 0.0385409 -0.292316 0.97772 0.0384774 -0.206356 0.704224 0.0446175 -0.708575 0.773357 -0.0553983 -0.631546 0.802173 0.00419073 -0.597078 0.867361 -0.00978118 -0.497583 0.856233 -0.0541332 -0.513746 0.999997 0.00227408 -0.000873477 0.999998 0.00195052 -0.000462577 0.872718 -0.0300695 -0.487298 0.931284 -0.0381149 -0.362293 0.999999 0.00155696 -0.000258816 0.91076 -0.010353 -0.412807 0.964206 -0.0159323 -0.264676 0.707319 -0.00959317 -0.706829 0.805603 0.0269273 -0.591844 0.835989 0.0316022 -0.547835 0.877123 0.0598291 -0.476525 0.885135 0.0580371 -0.4617 0.902631 0.0745571 -0.423908 0.889392 0.0734173 -0.451212 0.90344 0.0666666 -0.423499 0.908929 0.0875204 -0.407661 0.906737 0.0665541 -0.416412 0.909728 0.071682 -0.40897 0.897545 0.0446333 -0.438658 0.958452 0.0311398 -0.283548 0.971778 0.0279086 -0.23424 0.975199 0.0322849 -0.218961 0.931724 0.0301996 -0.36191 0.904725 0.0373291 -0.424357 0.914646 0.0350348 -0.402735 0.947029 0.0189526 -0.320587 0.964371 0.0189755 -0.263871 0.91772 0.015831 -0.396912 0.893718 0.0241016 -0.447981 0.9022 0.0221299 -0.430751 0.937381 0.0121368 -0.348094 0.962409 0.0105487 -0.271399 0.909629 0.00918417 -0.415321 0.882229 0.0143381 -0.470603 0.89213 0.013409 -0.45158 0.930875 0.00718498 -0.365266 0.889126 -0.0131356 -0.457474 0.934473 0.00581985 -0.355987 0.889041 -0.00405624 -0.45781 0.954351 -0.00112207 -0.298685 0.90392 0.0069406 -0.427645 0.951169 -0.00405277 -0.308645 0.977714 -0.013679 -0.209494 0.990236 -0.00466843 -0.139326 0.907366 -0.00503383 -0.420312 0.93474 0.00106788 -0.355331 0.955025 -0.00400329 -0.2965 0.902275 0.00396605 -0.431142 0.922498 0.0212171 -0.385417 0.938587 0.0161221 -0.344667 0.901068 0.0225114 -0.433092 0.755799 0.0050364 -0.654784 0.705766 0.00632815 -0.708416 0.766945 -0.0147778 -0.641543 0.807606 -0.00747724 -0.589675 0.732528 -0.0305031 -0.680053 0.728601 -0.0494539 -0.68315 0.843028 -0.0119636 -0.537736 0.849632 -0.0100892 -0.527279 0.837719 -0.0148087 -0.545901 0.837877 -0.0217963 -0.545424 0.885808 -0.00720923 -0.463996 0.873428 -0.00330215 -0.486942 0.905545 -0.010454 -0.424122 0.911453 -0.0144851 -0.411149 0.92961 0.00925674 -0.368428 0.950281 -0.0054177 -0.311347 0.903246 0.00162685 -0.42912 0.920791 -0.00407262 -0.390035 0.975596 -0.0194213 -0.218713 0.947771 -0.0114586 -0.318745 0.987114 -0.0166386 -0.159149 0.957744 -0.0180319 -0.287057 0.999992 0.00233243 0.00325124 0.996235 -0.0150957 -0.0853643 0.99668 -0.0521443 0.062534 0.99999 0.00401686 0.00205511 0.999991 0.00385528 0.00167455 0.999992 0.00355216 0.00174119 0.975917 -0.0945298 0.196597 0.999999 0.00118002 -0.000181569 0.999034 -0.0262877 0.0352067 0.999993 0.00348752 0.000955006 0.938721 -0.0419245 -0.342118 0.945789 -0.0394154 -0.322381 0.919989 -0.00294086 -0.391933 0.851174 0.0121278 -0.524744 0.999996 0.0027553 -0.00111526 0.996086 0.0326758 -0.0821305 0.988677 0.0192058 -0.148824 0.999996 0.00271208 -0.00117029 0.976203 -0.12416 0.177796 0.990639 -0.115897 0.0721266 0.997263 -0.00450866 -0.0737911 0.983057 0.0383048 -0.179251 0.899916 0.13191 -0.415634 0.8636 0.11518 -0.490845 0.619264 -0.527513 -0.581586 0.842842 0.0842776 -0.531521 0.707797 0.194103 -0.679226 0.701841 0.230041 -0.674167 0.843982 0.280071 -0.457444 0.867549 0.17104 -0.467016 0.876086 0.153708 -0.456998 0.684316 -0.070568 -0.725763 0.741917 0.203106 -0.638989 0.736084 0.207201 -0.644398 0.755633 0.231713 -0.61264 0.856358 0.256398 -0.44823 0.869514 0.195829 -0.453428 0.880961 0.146749 -0.449857 0.878632 0.245869 -0.409334 0.936973 0.168024 -0.306348 0.904483 0.191754 -0.380973 0.867697 0.18254 -0.462365 0.858579 0.219508 -0.463313 0.902409 0.128699 -0.411211 0.906893 0.128659 -0.401239 0.886688 0.175067 -0.427944 0.870191 0.193046 -0.453322 0.91069 0.145206 -0.386727 0.936034 0.158039 -0.314426 0.935875 0.1783 -0.303888 0.903283 0.169638 -0.394085 0.936606 0.133416 -0.323991 0.806547 0.270601 -0.525601 0.815112 0.326187 -0.478743 0.836259 0.125347 -0.533815 0.874093 0.083309 -0.478562 0.896416 0.0936924 -0.433199 0.871868 0.132015 -0.471613 0.999975 0.00563652 0.00438545 0.928748 0.26667 -0.257515 0.927193 0.228668 -0.296687 0.999949 0.00816882 0.00594835 0.999947 0.00627931 0.0081976 0.927324 0.103934 -0.359539 0.854257 0.155615 -0.496013 0.810683 0.148919 -0.566229 0.864989 0.0347968 -0.500583 0.886556 0.0454639 -0.460381 0.917566 0.0737601 -0.390682 0.732261 0.411771 -0.542437 0.761804 0.319499 -0.563538 0.945525 0.159889 -0.283579 0.740047 0.484971 -0.465976 0.775611 0.43258 -0.459676 0.864295 0.108089 -0.491233 0.999959 0.00787495 0.00453141 0.942694 0.0436821 -0.330786 0.757387 0.00565276 -0.652942 0.795953 -0.00264919 -0.605353 0.796864 0.007539 -0.604111 0.79498 0.010022 -0.606552 0.857451 0.0221051 -0.51409 0.868786 0.0480499 -0.492851 0.99028 0.0304463 -0.135711 0.978319 0.0335983 -0.20436 0.91037 0.0197898 -0.413321 0.902117 0.0109033 -0.431354 0.92444 0.0348627 -0.379731 0.944163 0.0413875 -0.326868 0.965876 0.0365823 -0.256409 0.950635 0.123544 -0.284658 0.920537 0.0793835 -0.382504 0.9697 0.0508254 -0.238953 0.878758 0.0516958 -0.474459 0.814977 0.0200581 -0.579146 0.674236 -0.0207662 -0.738224 0.553929 -0.0120289 -0.832477 0.502863 0.0603293 -0.862258 0.505419 0.0563963 -0.861029 0.503825 0.118977 -0.855573 0.526888 0.117679 -0.841749 0.926827 0.0963432 -0.36292 0.884102 0.025038 -0.466622 0.895308 0.0419048 -0.443473 0.881139 0.0179139 -0.472517 0.892494 0.0307306 -0.450011 0.903359 0.0529121 -0.425608 0.903094 0.0442333 -0.427158 0.897246 0.0498577 -0.438706 0.901969 0.0450639 -0.429443 0.903986 0.0427416 -0.42542 0.913988 0.0407666 -0.403687 0.928612 0.0266016 -0.370098 0.942486 0.0276058 -0.333104 0.947163 0.0185666 -0.320214 0.956652 0.0332605 -0.289327 0.938524 0.0441477 -0.342379 0.938717 0.0768769 -0.336005 0.920231 0.0769933 -0.383728 0.921982 0.0727789 -0.380332 0.907544 0.117445 -0.403201 0.909568 0.122472 -0.397098 0.895921 0.150675 -0.417879 0.893165 0.145905 -0.425403 0.916699 0.120678 -0.380919 0.925021 0.114358 -0.362296 0.918474 0.0902174 -0.385053 0.902481 0.0973297 -0.41959 0.934659 0.0681982 -0.348943 0.908879 0.14158 -0.392293 0.873334 0.183395 -0.45128 0.900436 0.123191 -0.41718 0.988797 0.0141173 -0.148594 0.999996 0.00252624 0.0012743 0.999995 0.00131696 0.00305197 0.999995 0.00315992 0.000374864 0.978863 0.0316361 -0.202057 0.934172 0.0796208 -0.347826 0.957876 0.146689 -0.246891 0.967553 0.107581 -0.22862 0.982537 0.0668283 -0.173652 0.991604 0.0529293 -0.11798 0.960622 0.204901 -0.187672 0.923619 0.0780224 -0.375288 0.909505 0.265095 0.320194 0.951092 0.221127 -0.215699 0.946185 0.183754 -0.266399 0.935774 0.217992 -0.27714 0.904853 0.218026 -0.365657 0.926981 0.102953 -0.360703 0.910175 0.122882 -0.395578 0.864894 0.202565 -0.459267 0.999965 0.00353385 -0.00752891 0.744919 0.0534514 0.66501 0.999991 0.000915356 0.00423263 1 0.000937385 -0.000214318 1 0.00052284 -0.000117696 1 0.000621139 -0.00011374 1 0.000799828 -0.000186691 0.723349 0.512847 -0.462336 0.772573 0.450065 -0.447852 0.913765 0.28394 -0.290538 0.999936 0.00431537 0.0104251 0.758689 0.055459 0.649089 0.754352 0.0554826 0.654121 0.751998 0.0567977 0.656714 0.753376 0.0583463 0.654997 0.751765 0.0615088 0.656556 0.752456 0.0632574 0.655598 0.780335 0.0610302 0.622376 0.782557 0.0620102 0.619483 0.857752 0.0427549 0.512284 0.864167 0.041725 0.501472 0.941304 0.0139114 0.337274 0.944606 0.0131671 0.327941 0.982063 0.000694959 0.188554 0.981645 -0.000418308 0.190717 0.996312 0.000416799 0.0857991 0.99584 -0.00139493 0.0911035 0.752966 0.0521759 0.655987 0.755149 0.0461248 0.653929 0.755967 0.0449828 0.653062 0.752794 0.0521395 0.656188 0.756675 0.0512404 0.65178 0.754264 0.0567225 0.654117 0.78894 0.0519968 0.612266 0.783534 0.0566053 0.618765 0.873243 0.0339139 0.486103 0.863991 0.0384731 0.502035 0.955742 0.00506893 0.294163 0.946017 0.0110684 0.323929 0.99098 -0.0084967 0.133742 0.984102 0.00029336 0.177604 0.999635 -0.00873805 0.025546 0.997143 0.00113463 0.075525 0.746476 0.018034 0.665168 0.729358 0.0287806 0.683527 0.762248 0.026497 0.646742 0.770971 0.0244888 0.636399 0.782447 0.0209549 0.622365 0.723085 0.0338494 0.689929 0.747002 0.0260975 0.66431 0.775895 0.0192487 0.630568 0.767163 0.0239168 0.641006 0.761562 0.0389273 0.646922 0.759181 0.0389328 0.649714 0.773067 0.0323376 0.633499 0.765531 0.0321548 0.642595 0.753043 0.0281945 0.657367 0.698536 0.0399222 0.714461 0.67534 0.041354 0.736347 0.754004 0.0797018 0.652016 0.772805 0.0519262 0.632515 0.588999 0.00823044 0.808092 0.682138 0.0214574 0.730908 0.750172 0.0137105 0.661101 0.720895 0.0170058 0.692836 0.727125 0.0163894 0.68631 0.659358 0.0287433 0.751279 0.64616 0.0607617 0.760779 0.757511 0.0477592 0.651073 0.763274 0.0442379 0.644559 0.756993 0.0422211 0.652058 0.721226 0.0509832 0.690821 0.793383 0.0495239 0.606705 0.800899 0.0465401 0.596987 0.804436 0.0437561 0.592426 0.800337 0.046186 0.597769 0.99445 -0.014523 0.104205 0.999917 -0.0127589 -0.00160397 0.959714 0.00225064 0.280971 0.878284 0.0324371 0.477038 0.989137 -0.00308718 0.146962 0.999277 -0.00164938 0.0379782 0.952165 0.00827779 0.305471 0.877931 0.0324835 0.477685 0.984168 0.00454464 0.17718 0.997649 0.00873579 0.0679769 0.944978 0.010704 0.326958 0.876567 0.0308109 0.480292 0.997109 -0.0505625 0.0567169 0.998764 -0.0293313 -0.0401221 0.965661 -0.0199989 0.259033 0.886774 0.0233658 0.461612 0.999241 -0.00668191 -0.0383769 0.999155 -0.0323398 -0.0253554 0.999738 -0.00356998 0.0226289 0.965807 0.00930605 0.259094 0.964067 -0.0045172 0.265622 0.954361 -0.0170844 0.298166 0.936491 -0.00274698 0.35068 0.803066 0.0658087 0.592245 0.800879 0.0462258 0.597039 0.729122 0.0498346 0.682566 0.810997 0.0434327 0.583437 0.891255 0.024629 0.452833 0.812414 0.0384778 0.58181 0.840781 0.0397883 0.539912 0.817697 0.0293099 0.574902 0.853523 0.0251824 0.520446 0.997209 -0.0532818 0.0522947 0.968279 -0.020998 0.248986 0.945248 -0.00703331 0.326276 0.898624 0.0187624 0.438318 0.941802 -0.00365189 0.336149 0.894311 0.0217948 0.446915 0.988404 -0.0218231 0.150272 0.968455 -0.0342014 0.24683 0.958858 -0.0316515 0.282115 0.910423 -0.068132 0.40803 0.946732 -0.0634508 0.315711 0.897159 -0.0742256 0.435426 0.94997 -0.0940963 0.297829 0.906961 -0.0727375 0.414887 0.949627 -0.111053 0.293045 0.898047 -0.0306585 0.438829 0.967976 -0.0752161 0.239509 0.880002 0.0506274 0.472263 0.99735 0.0217603 0.0694249 0.956561 -0.110998 0.269576 0.950665 -0.101922 0.292998 0.823562 -0.223172 0.521479 0.803105 -0.23822 0.546144 0.877622 -0.146054 0.45656 0.959075 -0.0786576 0.272007 0.927122 -0.0902588 0.363727 0.796471 -0.221475 0.562656 0.826525 -0.137202 0.545923 0.869392 0.012709 0.493959 0.895821 -0.0841487 0.436376 0.875864 -0.0385246 0.481017 0.843321 0.0147113 0.537209 0.846019 0.0788485 0.52729 0.753466 -0.153595 0.639295 0.80034 -0.125331 0.586301 0.757684 -0.134681 0.638573 0.68322 -0.167574 0.710725 0.866297 -0.0820493 0.492745 0.866558 -0.0895032 0.490985 0.858325 -0.0729128 0.5079 0.856742 -0.103819 0.505188 0.898848 -0.219735 0.379195 0.780795 -0.161697 0.603501 0.564564 -0.163697 0.808994 0.679412 -0.115615 0.724591 0.623662 -0.122182 0.772086 0.506895 -0.163751 0.846311 0.621805 -0.166068 0.765362 0.717346 -0.128974 0.684676 0.890047 -0.0153511 0.455611 0.838579 -0.00890234 0.544708 0.878728 -0.0662082 0.472708 0.901817 0.00137621 0.432115 0.888846 0.00177171 0.458202 0.87915 -0.0721785 0.471047 0.908134 -0.00419807 0.418659 0.764047 0.341499 0.547367 0.801742 -0.11972 0.585557 0.567934 -0.129604 0.812806 0.496388 -0.147112 0.855545 0.719711 -0.088497 0.68861 0.808336 -0.0710433 0.584419 0.910982 -0.24134 0.334464 0.902958 -0.0422523 0.427646 0.8351 -0.0967797 0.541517 0.936257 -0.086918 0.340395 0.937702 -0.0893186 0.335765 0.958552 -0.0594258 0.278653 0.956709 -0.0475752 0.287131 0.714967 -0.0963396 0.692489 0.588037 -0.121579 0.799644 0.87451 -0.0538658 0.482007 0.811873 -0.0774565 0.578674 0.962648 -0.0332095 0.268711 0.947708 -0.0347528 0.31724 0.951993 -0.0812372 0.295145 0.63244 -0.185061 0.752178 0.963383 -0.0774655 0.256694 0.971189 -0.0387233 0.235144 0.674657 -0.0572551 0.735908 0.525867 -0.0648042 0.848095 0.86385 -0.0445174 0.501778 0.814158 -0.0503786 0.578454 0.944793 -0.0361042 0.325674 0.919377 -0.0392733 0.391412 0.734835 -0.11953 0.66763 0.969702 -0.053433 0.238375 0.972995 -0.0421327 0.226947 0.733732 -0.269684 0.623625 0.57508 -0.534363 0.619467 0.274342 -0.364237 0.889982 0.842054 -0.183022 0.507394 0.732155 -0.167178 0.660303 0.877643 -0.447046 0.172897 0.931944 -0.274137 0.237337 0.922024 0.003592 0.387116 0.883929 -0.0602618 0.463723 0.952065 0.137073 0.273464 0.963848 -0.0643699 0.258559 0.915219 -0.148999 0.374397 0.922667 -0.176966 0.342592 0.850871 -0.0708118 0.520581 0.809951 0.0968436 0.578447 0.701617 -0.011252 0.712466 0.574356 0.00721338 0.818574 0.879561 -0.0517118 0.472967 0.845861 -0.0480046 0.531239 0.92309 -0.0365416 0.382843 0.905009 -0.0378093 0.423709 0.977833 -0.035141 0.206415 0.955688 -0.0353583 0.29225 0.773752 0.0594013 0.630698 0.70561 -0.040408 0.707448 0.856342 0.0577063 0.513175 0.867389 0.0132883 0.497453 0.802441 -0.000267723 0.596732 0.931292 0.0411253 0.361945 0.872657 0.0330318 0.487215 0.9642 0.0184183 0.264534 0.910691 0.0128928 0.412887 0.805895 -0.0256123 0.591504 0.707584 0.0106841 0.706548 0.877501 -0.0586109 0.475979 0.836345 -0.0305424 0.547352 0.903046 -0.0732517 0.423252 0.885549 -0.0568739 0.461052 0.903797 -0.0648858 0.423014 0.889703 -0.0718952 0.450843 0.907139 -0.0649225 0.415794 0.909315 -0.0861177 0.407099 0.897913 -0.0430306 0.438065 0.910117 -0.0702298 0.408355 0.975288 -0.0287857 0.219055 0.971935 -0.0247635 0.233944 0.958661 -0.0281293 0.283156 0.932012 -0.0273668 0.361394 0.915015 -0.0325289 0.402107 0.905114 -0.0349949 0.423727 0.964571 -0.0161068 0.26333 0.947276 -0.016168 0.320012 0.918026 -0.013216 0.396299 0.902562 -0.0198077 0.430104 0.894102 -0.0219386 0.447325 0.962581 -0.00788821 0.270879 0.937585 -0.0095755 0.347625 0.909861 -0.00680085 0.414858 0.892407 -0.0112319 0.451091 0.882539 -0.0122949 0.470078 0.889064 0.0160406 0.457503 0.930928 -0.00403535 0.36518 0.889028 0.00685698 0.457802 0.934619 -0.00292109 0.355638 0.903952 -0.00420237 0.427614 0.954501 0.0038989 0.298181 0.990244 0.00673962 0.139184 0.977641 0.0158549 0.209683 0.951066 0.00644101 0.308921 0.90726 0.00760843 0.4205 0.954821 0.00626179 0.297117 0.934522 0.00135891 0.355903 0.902125 -0.00138196 0.431474 0.938303 -0.0139071 0.345534 0.922218 -0.0188493 0.38621 0.900899 -0.0199805 0.433569 0.755599 -0.00399532 0.655022 0.807417 0.00865585 0.589917 0.766848 0.0157997 0.641634 0.705661 -0.00538619 0.708529 0.732608 0.031387 0.679927 0.728815 0.0502092 0.682867 0.849429 0.0114676 0.527578 0.842961 0.0132057 0.537813 0.837848 0.0158875 0.545672 0.838111 0.0227193 0.545027 0.873215 0.00491745 0.48731 0.885733 0.00869623 0.464114 0.905643 0.0117892 0.423877 0.911621 0.0156972 0.410732 0.929353 -0.00723365 0.36912 0.950122 0.00743136 0.311791 0.903016 0.0002054 0.429608 0.92068 0.00582426 0.390274 0.975552 0.0213569 0.21873 0.947803 0.0130863 0.318588 0.987115 0.0184696 0.158943 0.95781 0.0195577 0.286736 0.99649 0.0599755 -0.058402 0.995444 0.0204674 0.0931254 0.975924 0.101593 -0.193006 0.998873 0.0336182 -0.0334943 0.938949 0.0478154 0.340719 0.85191 -0.00503377 0.523664 0.920163 0.0107819 0.391388 0.946433 0.0450564 0.319742 0.989119 -0.0137108 0.146475 0.996464 -0.0271425 0.0795127 0.989968 0.123268 -0.0690566 0.976056 0.131349 -0.173386 0.996667 0.0110444 0.0808299 0.982434 -0.0317119 0.183895 0.865075 -0.108065 0.489864 0.900955 -0.124006 0.415816 0.842351 -0.0796101 0.533018 0.617208 0.530011 0.5815 0.707285 -0.188504 0.681333 0.701038 -0.223782 0.677103 0.843369 -0.274465 0.46195 0.877714 -0.14673 0.456167 0.868918 -0.163603 0.467134 0.741527 -0.198281 0.640954 0.683387 0.0734012 0.726357 0.735906 -0.201574 0.646382 0.75539 -0.225246 0.615346 0.856082 -0.250447 0.452107 0.88151 -0.140913 0.450649 0.869851 -0.190259 0.45515 0.878931 -0.242254 0.410845 0.903859 -0.185948 0.385307 0.935666 -0.1629 0.313039 0.868671 -0.175833 0.463135 0.859919 -0.212508 0.46409 0.902594 -0.123715 0.412334 0.907463 -0.122913 0.401749 0.887869 -0.168492 0.428134 0.871768 -0.186197 0.453157 0.909095 -0.129607 0.395916 0.901542 -0.15406 0.404336 0.934294 -0.162629 0.317248 0.934684 -0.141995 0.32589 0.814135 -0.309797 0.491132 0.805977 -0.255064 0.534176 0.935753 -0.118476 0.332158 0.834917 -0.114613 0.538309 0.87035 -0.118427 0.477981 0.895057 -0.0807863 0.438574 0.87283 -0.0727484 0.482572 0.927561 -0.254069 0.274007 0.927128 -0.212536 0.308646 0.926154 -0.0893916 0.3664 0.809298 -0.137945 0.570971 0.852706 -0.141997 0.502721 0.884679 -0.0344509 0.464926 0.863405 -0.025015 0.503892 0.915954 -0.0611554 0.396596 0.731855 -0.396112 0.554512 0.945347 -0.144468 0.292314 0.761752 -0.303568 0.572347 0.738137 -0.472024 0.482024 0.772902 -0.419267 0.476275 0.862825 -0.103893 0.494711 0.942829 -0.0399211 0.330877 0.757344 -0.00485862 0.652998 0.795872 0.00367339 0.605453 0.795186 -0.00916673 0.606297 0.796941 -0.00672801 0.604019 0.869094 -0.0470692 0.492402 0.857621 -0.021123 0.513848 0.990362 -0.0239544 0.136414 0.97844 -0.0273739 0.204708 0.910707 -0.0173296 0.41269 0.902369 -0.00865536 0.430877 0.924781 -0.0322006 0.379136 0.944375 -0.0383972 0.326621 0.965925 -0.0329915 0.256712 0.94886 -0.119586 0.292172 0.920486 -0.0735522 0.383791 0.969421 -0.0455959 0.241129 0.815275 -0.0190889 0.578759 0.879111 -0.0506718 0.473917 0.674409 0.0216384 0.738041 0.553978 0.0128319 0.832433 0.502818 -0.0594935 0.862343 0.505348 -0.0553875 0.861136 0.503676 -0.117861 0.855815 0.526688 -0.116295 0.842066 0.926721 -0.0911394 0.364529 0.895713 -0.0400892 0.442822 0.88445 -0.0232887 0.466053 0.892893 -0.0287333 0.449351 0.881473 -0.0159988 0.471964 0.903746 -0.0509229 0.425029 0.903487 -0.0420742 0.426546 0.897483 -0.0476224 0.438471 0.902211 -0.0426197 0.429185 0.904013 -0.039915 0.425638 0.914003 -0.0377301 0.40395 0.92827 -0.0232175 0.371183 0.942148 -0.0240031 0.334337 0.946451 -0.0150781 0.322494 0.956066 -0.0294975 0.291664 0.937621 -0.0388733 0.345479 0.938291 -0.0725345 0.338155 0.921816 -0.0678802 0.381638 0.920052 -0.0739247 0.384759 0.90755 -0.112454 0.404606 0.909803 -0.116913 0.398234 0.896719 -0.144329 0.418408 0.893779 -0.139863 0.426143 0.917036 -0.11491 0.38189 0.925376 -0.108386 0.363225 0.918662 -0.0842168 0.385963 0.935062 -0.0616193 0.349089 0.903121 -0.0906296 0.419712 0.875013 -0.176442 0.4508 0.909713 -0.134999 0.392679 0.900721 -0.117872 0.418101 0.988412 -0.00871897 0.151542 0.93115 -0.0778797 0.356222 0.976406 -0.0292262 0.213955 0.969986 -0.104618 0.219502 0.961254 -0.143842 0.235158 0.993614 -0.0462768 0.102903 0.982839 -0.0662445 0.172159 0.960003 -0.200177 0.195764 0.921629 -0.0768412 0.380389 0.954658 -0.220203 0.200345 0.908853 -0.264637 -0.322419 0.94856 -0.182644 0.258601 0.904517 -0.212032 0.369989 0.935151 -0.212346 0.283552 0.927278 -0.0969272 0.361607 0.910946 -0.116216 0.395817 0.866363 -0.195259 0.459661 0.74495 -0.0404964 -0.66589 0.768228 -0.439002 0.465943 0.719469 -0.501602 0.480375 0.910269 -0.274286 0.310125 </float_array>
          <technique_common>
            <accessor count="886" offset="0" source="#meshId0-tangents-array" stride="3">
              <param name="X" type="float" />
              <param name="Y" type="float" />
              <param name="Z" type="float" />
            </accessor>
          </technique_common>
        </source>
        <source id="meshId0-bitangents" name="meshId0-bitangents">
          <float_array id="meshId0-bitangents-array" count="2658"> -0.0912045 0.977577 -0.1898 -0.097563 0.975182 -0.198749 -0.123667 0.966518 -0.224833 -0.12759 0.965114 -0.228641 -0.107409 0.970339 -0.216578 -0.120215 0.966262 -0.227784 -0.113742 0.964112 -0.239897 -0.111591 0.965761 -0.234207 -0.103792 0.960399 -0.258574 -0.0943297 0.966625 -0.238199 -0.073374 0.965431 -0.250118 -0.067533 0.971298 -0.22808 -0.0452434 0.971848 -0.231223 -0.0401982 0.976363 -0.212367 -0.0211383 0.975812 -0.217586 -0.0172326 0.978973 -0.20326 3.65389e-05 0.977477 -0.211042 -0.000108445 0.979447 -0.2017 -0.154954 0.954863 -0.253428 -0.152056 0.956231 -0.250002 -0.135706 0.965305 -0.223092 -0.129825 0.967337 -0.217726 -0.140905 0.959189 -0.245159 -0.137812 0.962172 -0.235017 -0.121988 0.962599 -0.241913 -0.134536 0.957832 -0.253886 -0.0938406 0.967493 -0.234845 -0.12129 0.951382 -0.283128 -0.0634729 0.974014 -0.217414 -0.0876571 0.950172 -0.299148 -0.0363666 0.978985 -0.200663 -0.0475371 0.956976 -0.286248 -0.0143754 0.980194 -0.197518 -0.0159723 0.965102 -0.261388 -0.000305225 0.979822 -0.199871 -0.000441346 0.97047 -0.241221 -0.000407399 0.999636 -0.0269889 -0.0154375 0.998275 -0.0566501 -0.00975092 0.998609 -0.051824 -0.00313382 0.998993 -0.0447659 -0.0435218 0.995192 -0.0877393 -0.0831123 0.98777 -0.131917 -0.102586 0.982816 -0.153455 -0.0845887 0.987012 -0.136574 -0.0799588 0.988011 -0.13206 -0.0943478 0.981177 -0.168497 -0.0807223 0.984792 -0.153843 -0.0585111 0.991206 -0.118687 -0.0556281 0.991448 -0.118051 -0.076574 0.988627 -0.129432 -0.154996 0.966446 -0.204837 -0.160888 0.966275 -0.201065 0.0687434 0.99763 0.00301211 0.0451536 0.996617 -0.068675 -0.0756797 0.995039 -0.0645708 -0.0575367 0.994837 -0.0836046 -0.0624613 0.993923 -0.0906401 -0.142592 0.976617 -0.160893 0.0248518 0.999686 0.00319556 -0.0263081 0.997829 -0.0603752 -0.18401 0.955242 -0.231632 -0.103432 0.97608 -0.191232 -0.0520502 0.990302 -0.128816 -0.0661108 0.987959 -0.139876 -0.183066 0.948039 -0.26021 -0.107933 0.969656 -0.219357 -0.0442859 0.989783 -0.135532 -0.0461319 0.989827 -0.134588 -0.161528 0.943935 -0.287917 -0.0130364 0.966475 -0.256431 -0.0482029 0.946311 -0.319644 -0.0954018 0.938874 -0.330778 -0.113565 0.955372 -0.272705 -0.00953127 0.984722 -0.173875 -0.0316167 0.982196 -0.185177 -0.0531305 0.980455 -0.189435 -0.0492761 0.986504 -0.156144 -0.00538379 0.982968 -0.1837 -0.0215294 0.990147 -0.138366 -0.0308248 0.992458 -0.118649 -0.0307763 0.992518 -0.118156 -0.0155712 0.940257 -0.340109 -0.0702294 0.915843 -0.395348 -0.122032 0.91688 -0.380052 -0.141801 0.93746 -0.317901 0.00169682 0.965269 -0.261254 -0.0088975 0.989625 -0.143398 -0.026376 0.965068 -0.260668 0.0226684 0.998097 0.0573384 0.0323913 0.994374 0.100855 0.0175759 0.992642 0.119801 0.027055 0.992108 0.122431 0.0867157 0.995414 0.0403776 0.050701 0.99787 -0.0410395 -0.186552 0.945374 -0.267332 -0.171952 0.906545 -0.385498 -0.174418 0.934413 -0.310566 0.0325163 0.999251 -0.0209896 0.0499432 0.998738 0.00521782 -0.000995342 0.998858 -0.0477721 -0.0160226 0.997267 -0.0721163 -0.0715227 0.909587 -0.409312 -0.136106 0.882604 -0.449983 0.0204879 0.996103 0.0857848 0.0202735 0.999793 0.00179406 0.0375016 0.991948 0.120968 0.0440003 0.998124 0.0425771 -0.00555503 0.868292 -0.496023 -0.00694729 0.976603 0.214937 0.0118835 0.971117 0.238306 -0.103979 0.87363 -0.475352 0.034764 0.962119 0.270404 -0.181276 0.856729 -0.482861 0.0499712 0.954312 0.294604 -0.23022 0.835949 -0.498185 0.0510654 0.949381 0.30995 -0.256955 0.808989 -0.528688 0.071612 0.968165 0.239849 -0.277381 0.760008 -0.587748 0.0908468 0.992586 0.080741 -0.233573 0.683428 -0.691643 -0.0329935 0.767213 -0.640543 0.00504903 0.894993 0.446052 0.0989461 0.765638 0.635616 -0.0072413 0.775996 0.630697 -0.00799301 0.896059 0.443863 0.184625 0.747235 0.6384 0.0218889 0.892262 0.450987 0.0876619 0.801359 0.591726 0.175312 0.770197 0.61324 0.0741151 0.889519 0.450848 0.119459 0.859017 0.497814 0.165489 0.838834 0.518625 0.254107 0.759979 0.598215 0.050623 0.891451 0.45028 0.194452 0.871948 0.449328 0.209121 0.92336 0.321986 0.197587 0.961395 0.191515 0.11396 0.921794 0.370552 0.0975356 0.940396 0.325796 0.0760653 0.950247 0.302068 0.103929 0.928599 0.356233 0.0154528 0.975301 0.220337 0.0702083 0.951171 0.300575 0.00477062 0.974597 0.223914 0.0674472 0.960459 0.270131 0.0603189 0.937701 0.342168 -0.0394256 0.892044 0.450226 0.188589 0.92712 0.323855 0.215702 0.925606 0.311008 0.200185 0.928806 0.311842 0.165428 0.936336 0.309691 0.116171 0.944759 0.306488 0.0914491 0.954581 0.283572 0.211329 0.914153 0.345924 0.101374 0.965548 0.239668 0.0254897 0.980107 0.196825 0.211426 0.885266 0.41425 0.10844 0.966292 0.233496 0.019279 0.979846 0.19882 0.549409 0.786424 0.28229 0.108545 0.960703 0.255475 0.0395706 0.96438 0.261545 0.168392 0.950007 0.262927 0.16884 0.947558 0.271343 0.21611 0.912722 0.346749 0.272319 0.832235 0.482937 0.263885 0.789522 0.554093 0.220191 0.803202 0.553519 -0.00564124 0.813857 0.581038 0.0422845 0.928567 0.368748 0.100772 0.862998 0.495056 0.0634438 0.901747 0.427582 0.00896698 0.955381 0.295241 0.158944 0.95134 0.263988 0.170079 0.935645 0.309261 0.148256 0.929636 0.337338 0.12164 0.935383 0.332058 0.0817439 0.929835 0.358784 0.0593289 0.93707 0.344063 0.0217863 0.938332 0.345048 0.0236245 0.961291 0.274519 -0.0329714 0.981343 0.189415 -0.00199885 0.969738 0.244138 0.0754637 0.989406 0.124018 0.0563582 0.989772 0.131053 0.0200254 0.992778 0.118284 0.00356146 0.995049 0.0993254 0.000377022 0.994054 0.108886 -0.00673981 0.994837 0.101264 -0.0242773 0.994976 0.0971257 -0.0493504 0.99798 0.0400159 -0.267835 0.95637 -0.116706 -0.319641 0.906104 0.277137 0.222339 0.622397 0.750458 0.217129 0.771555 0.597962 -0.344657 0.928209 -0.140141 0.0552521 0.903024 0.426023 0.225406 -0.0791154 0.971047 0.115327 0.384002 0.916102 -0.00258311 0.470569 0.882359 -0.0027867 -0.0745277 0.997215 0.368521 -0.249482 0.895517 0.220638 0.310916 0.924473 0.294148 0.251883 0.921972 0.453032 0.0993503 0.885941 0.259317 0.358909 0.896626 -0.0119087 0.93465 0.355371 -0.168227 0.976669 -0.13348 -0.14076 0.928115 -0.344659 -0.00315946 0.912973 -0.408007 -0.00273597 0.987037 -0.160468 -0.00256434 0.936326 0.351122 -0.0833942 0.994335 -0.0659034 -0.0795803 0.994982 -0.0606481 -0.0928191 0.994175 -0.0547833 -0.104302 0.991207 -0.0814239 -0.0905802 0.990978 -0.0987856 -0.0817039 0.992129 -0.0948905 -0.0465198 0.998709 -0.0203909 -0.0355143 0.999206 0.0180459 -0.304624 0.920478 -0.244793 -0.0976211 0.973888 -0.20497 -0.0695271 0.993829 -0.0864341 -0.00951845 0.999298 -0.0362357 -0.0317153 0.98711 -0.15687 -0.00243607 0.933502 -0.358563 -0.00200462 0.97301 -0.230755 0.0192403 0.999444 -0.0272142 -0.00381738 0.993436 -0.114327 -0.00157832 0.986463 -0.163978 0.025827 0.999157 0.0319228 0.000967271 0.998398 -0.0565754 -0.22919 0.942782 -0.242144 -0.210975 0.94652 -0.24411 -0.292442 0.870413 -0.396053 -0.273346 0.878015 -0.392902 -0.297132 0.834074 -0.464793 -0.273676 0.859569 -0.431559 -0.195896 0.953012 -0.231067 -0.190774 0.947157 -0.257873 -0.248017 0.899427 -0.359886 -0.22535 0.91112 -0.345076 -0.240461 0.893946 -0.378204 -0.211097 0.916933 -0.338631 -0.0701177 0.989244 -0.128372 -0.0510908 0.994308 -0.0934904 -0.0269987 0.999268 0.0270922 -0.1008 0.978887 -0.177822 -0.159788 0.953158 -0.256821 -0.142549 0.960197 -0.240211 -0.0875864 0.975656 -0.201055 -0.0698191 0.980317 -0.184672 -0.114516 0.967327 -0.226195 -0.168635 0.943374 -0.285672 -0.149804 0.95259 -0.264822 -0.0791492 0.98067 -0.178948 -0.0646174 0.979447 -0.191071 -0.0963271 0.97717 -0.189365 -0.146599 0.958214 -0.245632 -0.127145 0.96661 -0.222483 -0.01819 0.999478 -0.0266968 0.0202243 0.999739 0.0106012 -0.0515359 0.991547 -0.119072 0.00343846 0.999992 -0.00218272 -0.0546165 0.982477 -0.1782 -0.012734 0.999862 -0.0106884 0.0415889 0.992479 0.115135 0.0325035 0.995706 0.08668 -0.00490843 0.997652 -0.0683145 0.0395461 0.996515 0.073437 0.0859719 0.969605 0.229073 0.0856411 0.961022 0.262874 0.0566428 0.990201 0.127649 0.110433 0.942246 0.316192 0.117177 0.924649 0.362345 0.0645226 0.980578 0.185211 0.183664 0.958199 0.219369 0.109861 0.986886 0.118266 0.0937273 0.991593 0.0892071 0.166185 0.962281 0.215401 -0.0896298 0.985977 -0.140771 -0.256465 0.905135 -0.339052 0.0537129 0.996628 0.0620346 0.14176 0.967388 0.209915 -0.116994 0.971556 -0.205889 -0.227266 0.894552 -0.384872 0.0495939 0.995624 0.0792097 0.126598 0.967132 0.220521 -0.072785 0.981046 -0.179585 -0.130328 0.937742 -0.321954 0.118187 0.939399 0.32181 0.0759667 0.973673 0.214919 0.119784 0.959289 0.255767 0.0616675 0.988889 0.135258 0.0218405 0.999724 0.00864879 -0.0200707 0.995231 -0.0954572 -0.00130586 0.993709 -0.111989 -0.0432991 0.97762 -0.205875 -0.00400135 0.582907 0.812529 0.0788405 0.5672 0.819797 0.017018 0.884471 0.466285 -0.00451205 0.890241 0.455466 -0.00420324 0.917207 0.39839 -0.00395596 0.89792 0.44014 -0.00474524 0.891818 0.452369 -0.00119391 0.988368 -0.152078 0.0176103 0.973668 0.22729 -0.00361592 0.964486 0.26411 -0.0403628 0.972375 -0.229908 -0.10575 0.901145 -0.420423 -0.0256982 0.997368 -0.0678054 -0.105119 0.983418 -0.147782 -0.00297245 0.926941 -0.375196 -0.0647665 0.902128 -0.42658 -0.0767497 0.916957 -0.391536 -0.0029538 0.918161 -0.396197 0.0133893 0.852819 0.522036 0.0797982 0.920351 0.382866 0.0572162 0.679154 0.731763 0.0730822 0.814922 0.574945 -0.133886 0.990693 0.0245313 -0.204355 0.969965 -0.131937 0.634115 0.77281 -0.0257623 0.0977505 0.947258 0.305202 0.0832113 0.931907 0.353024 0.112958 0.898503 0.424185 0.0818692 0.77559 0.625905 -0.184394 0.982699 0.0173663 -0.228878 0.966805 -0.113591 0.304565 0.931991 0.196551 0.0726915 0.923033 0.377791 0.0274752 0.942067 0.334298 0.0320068 0.921155 0.387877 0.0358806 0.836377 0.546979 -0.0602276 0.953228 0.296191 -0.0952993 0.986239 0.135098 -0.0777418 0.919464 0.385411 0.149347 0.600052 0.785896 0.0824901 0.797722 0.597357 -0.145772 0.982682 0.114396 -0.190052 0.97559 0.110022 -0.0383835 0.974567 0.220784 -0.1011 0.990868 0.0892186 -0.179769 0.983258 0.0297632 -0.227401 0.973554 -0.0219307 0.0795379 0.857029 0.509092 0.0590786 0.810234 0.583121 0.066855 0.756965 0.650027 0.0844908 0.830198 0.551029 0.0420014 0.875253 0.481838 0.0249596 0.872707 0.487607 0.0391304 0.793522 0.607282 0.10965 0.915632 0.386776 0.106128 0.928631 0.355501 0.0904466 0.918163 0.385741 0.0940847 0.899896 0.425834 -0.0071416 0.78923 0.614056 0.0474608 0.603403 0.796023 -0.00605698 0.801095 0.598506 -0.0101051 0.808346 0.58862 -0.0103262 0.608062 0.793822 0.0651282 0.901195 0.428492 0.0951042 0.891259 0.44341 0.11022 0.911002 0.3974 0.147128 0.936161 0.319306 0.150304 0.912865 0.379587 0.108572 0.898806 0.424688 0.0133002 0.787704 0.615911 -0.00404273 0.872243 0.489055 0.00166436 0.868697 0.495341 0.0845986 0.620217 0.779855 0.117987 0.616053 0.778818 0.258039 0.743041 0.6175 -0.00908562 0.866712 0.498726 -0.037615 0.998986 0.0247241 0.0532472 0.996098 0.0703882 0.0773402 0.992241 0.097349 -0.0940033 0.989291 -0.111651 -0.224565 0.933694 -0.2789 -0.165995 0.957547 -0.23569 -0.275097 0.874398 -0.399686 -0.0157579 0.994024 0.10802 -0.0224878 0.998152 0.0564497 -0.132469 0.960227 -0.245796 -0.110154 0.972376 -0.205793 -0.125208 0.968352 -0.215912 -0.071867 0.994061 -0.0817226 -0.015285 0.996301 0.0845662 0.200481 0.455665 0.867281 0.00582498 0.976238 0.216623 0.0463846 0.922022 0.384348 -0.291278 0.845597 -0.447351 -0.274976 0.893107 -0.356016 -0.190435 0.960911 -0.200959 -0.0604916 0.996671 -0.0546525 0.0539777 0.993423 0.100986 0.0693041 0.991985 0.105655 0.128489 0.969128 0.210432 0.139182 0.965053 0.222037 0.0168112 0.954907 0.296429 -0.18672 0.934311 -0.303643 -0.206538 0.921135 -0.329929 -0.165723 0.9476 -0.273112 -0.187246 0.932892 -0.307654 -0.184446 0.943833 -0.274151 -0.173256 0.947666 -0.268164 -0.105639 0.988987 -0.103659 -0.0990632 0.989608 -0.104219 -0.010676 0.996937 0.0774756 -0.00605684 0.9962 0.0868884 0.094187 0.947859 0.304453 0.0866109 0.942374 0.323155 0.16635 0.825134 0.53989 0.129149 0.841982 0.52382 0.143147 0.852734 0.502348 0.0854007 0.892544 0.4428 0.0536419 0.946394 0.31853 0.0303665 0.965566 0.25838 -0.00369665 0.962296 0.271979 -0.0439347 0.97857 0.201174 -0.127188 0.988343 0.0836794 -0.103038 0.987138 0.122233 -0.060211 0.984137 0.166881 -0.0613487 0.986068 0.154614 -0.0337461 0.98796 0.150983 -0.0981999 0.994974 0.0195834 -0.0640834 0.997672 0.0233368 -0.128571 0.989921 0.0593891 -0.237261 0.969251 -0.0652655 -0.0551376 0.983647 0.171458 0.0594564 0.875877 0.478858 -0.00282944 0.892837 0.450371 -0.00332399 0.396196 0.91816 -0.00318208 0.993032 0.117804 0.192273 0.194373 0.961899 0.32815 0.191155 0.925083 -0.275459 0.226185 -0.934325 -0.250795 0.298963 -0.920719 -0.186065 0.357783 -0.91508 -0.129307 0.40028 -0.907224 0.0614346 0.502082 0.862635 0.352665 0.210636 0.911734 0.275104 0.193606 -0.941719 -0.233359 0.0568024 -0.97073 -0.292608 0.134093 -0.946784 0.068701 0.658204 0.749699 0.0421049 0.808865 0.586485 -0.0515753 0.987447 0.149294 -0.11791 0.992336 0.0369614 -0.200147 0.978246 0.0545491 -0.00831701 0.424879 -0.905212 -0.00726034 0.997376 -0.072033 -0.00433047 0.211374 0.977396 -0.000961573 0.974845 -0.222882 -0.000535923 0.975587 -0.219612 -0.000631467 0.983644 -0.180121 -0.000821327 0.973824 -0.227304 0.171766 0.514885 0.839875 0.192401 0.506247 0.840652 0.147965 0.433437 0.888954 -0.011283 0.382443 0.92391 0.091042 0.977566 -0.189939 0.127412 0.965101 -0.228795 0.123485 0.966504 -0.224992 0.0973972 0.975169 -0.198893 0.120024 0.966247 -0.227951 0.107248 0.970325 -0.216718 0.111393 0.965746 -0.234365 0.113599 0.964101 -0.24001 0.0941463 0.966616 -0.238309 0.103707 0.960395 -0.258624 0.0673865 0.971295 -0.228132 0.0733764 0.965431 -0.250117 0.0400871 0.976363 -0.212388 0.0453335 0.971848 -0.231206 0.0170956 0.978973 -0.203272 0.0212714 0.975812 -0.217574 0.154765 0.95485 -0.253592 0.129615 0.967324 -0.217908 0.135465 0.965291 -0.2233 0.151848 0.956217 -0.250183 0.137509 0.962151 -0.235279 0.14066 0.95917 -0.245371 0.134142 0.957806 -0.254192 0.121688 0.962577 -0.24215 0.120809 0.951363 -0.283396 0.0934953 0.967477 -0.235045 0.0870879 0.950169 -0.299323 0.0630941 0.974009 -0.217544 0.0468495 0.956982 -0.28634 0.0359365 0.978985 -0.200741 0.0151167 0.96511 -0.26141 0.013848 0.980193 -0.197558 0.000124204 0.999629 -0.0272412 0.00281393 0.99898 -0.0450657 0.00946433 0.998599 -0.0520672 0.015209 0.998268 -0.0568387 0.0432857 0.995186 -0.0879271 0.0843368 0.987 -0.136814 0.102333 0.982807 -0.153681 0.0828665 0.987764 -0.132117 0.0797133 0.988004 -0.132266 0.0805047 0.984781 -0.154028 0.0940803 0.981163 -0.168726 0.0554117 0.991439 -0.118229 0.0582074 0.991194 -0.118942 0.0762327 0.988615 -0.12973 0.154643 0.966426 -0.205198 0.16051 0.966252 -0.201477 -0.0456127 0.996568 -0.069072 -0.069194 0.9976 0.00264331 0.0753347 0.995035 -0.0650441 0.142165 0.976604 -0.16135 0.06204 0.993916 -0.0910114 0.0571967 0.994829 -0.0839314 -0.0252205 0.999678 0.0028476 0.0258672 0.99781 -0.0608776 0.183544 0.955198 -0.23218 0.103082 0.976058 -0.191533 0.0516627 0.990279 -0.129144 0.0656937 0.987936 -0.140235 0.182628 0.948008 -0.26063 0.107482 0.969628 -0.219701 0.0437875 0.989754 -0.135903 0.0455788 0.989797 -0.134996 0.160916 0.9439 -0.288375 0.0473242 0.946324 -0.319736 0.011921 0.966489 -0.256429 0.0946987 0.938873 -0.330984 0.113002 0.955351 -0.273011 0.0306009 0.9822 -0.185328 0.00823548 0.984725 -0.173924 0.0523324 0.980448 -0.189691 0.0486452 0.986481 -0.156487 0.0203752 0.990142 -0.138574 0.00391644 0.982956 -0.1838 0.0299189 0.992448 -0.118963 0.0300675 0.992493 -0.118544 0.0689371 0.915909 -0.395422 0.0139543 0.940306 -0.340045 0.12101 0.916901 -0.380327 0.141 0.937439 -0.318318 -0.00357618 0.965283 -0.261183 0.0246246 0.965126 -0.260624 0.00678078 0.989635 -0.143446 -0.0248425 0.998079 0.0567553 -0.0289409 0.992119 0.121912 -0.0194733 0.992678 0.119208 -0.0345474 0.994383 0.100048 -0.0512205 0.997828 -0.0414225 -0.087254 0.995384 0.0399764 0.186071 0.945341 -0.267782 0.173736 0.934377 -0.311056 0.171048 0.906521 -0.385957 -0.0506667 0.998705 0.00469975 -0.0334302 0.999208 -0.0215764 0.0153099 0.997242 -0.0726174 2.19494e-05 0.99883 -0.0483657 0.070073 0.909665 -0.409389 0.134928 0.88263 -0.450286 -0.0220168 0.996116 0.0852571 -0.0214657 0.999769 0.00121256 -0.0391231 0.991956 0.120389 -0.0452812 0.998094 0.041937 0.0918525 0.873963 -0.477233 -0.0255402 0.971696 0.23485 0.171237 0.857108 -0.485844 -0.0467238 0.963097 0.265069 0.223 0.836458 -0.500609 -0.061291 0.955324 0.289136 0.246977 0.810024 -0.53185 -0.0630648 0.950426 0.30449 0.270957 0.760777 -0.589745 -0.0817286 0.968572 0.234923 0.224838 0.684135 -0.693835 -0.0982754 0.992195 0.0767589 0.0278763 0.767111 -0.640908 -0.020426 0.896893 0.441776 -0.112395 0.767155 0.631538 -0.196257 0.750456 0.631109 -0.0348792 0.896231 0.442214 -0.187294 0.77226 0.607072 -0.100951 0.802525 0.588015 -0.0880179 0.890971 0.445447 -0.0630547 0.895015 0.441557 -0.264279 0.761722 0.591554 -0.274477 0.843674 0.461386 -0.153552 0.862831 0.481607 -0.205179 0.872484 0.443479 -0.217735 0.923258 0.316522 -0.20574 0.960681 0.186448 -0.121082 0.923286 0.364531 -0.111376 0.929805 0.350796 -0.0815825 0.951252 0.297428 -0.102545 0.941649 0.320597 -0.0782185 0.95197 0.296034 -0.0219515 0.976 0.216661 -0.075414 0.961176 0.26543 -0.0114959 0.975442 0.219955 0.0303055 0.89432 0.446401 -0.0663946 0.938987 0.337483 -0.190713 0.927742 0.320816 -0.167978 0.936776 0.306975 -0.201705 0.929107 0.309961 -0.21687 0.925985 0.309061 -0.119558 0.945677 0.302325 -0.0953515 0.955296 0.279853 -0.105064 0.96562 0.237781 -0.213907 0.914185 0.344252 -0.0305437 0.980504 0.194109 -0.11244 0.966295 0.231582 -0.214497 0.885265 0.41267 -0.0245372 0.980296 0.196006 -0.112497 0.96073 0.253656 -0.551937 0.785299 0.280482 -0.0443565 0.965112 0.258055 -0.169892 0.9478 0.269838 -0.169186 0.950244 0.261558 -0.217884 0.912943 0.345052 -0.274735 0.832451 0.481193 0.00285482 0.814599 0.580018 -0.223759 0.803375 0.551834 -0.266618 0.789843 0.552325 -0.0471738 0.929034 0.366975 -0.0140213 0.955876 0.293436 -0.0679936 0.90204 0.426265 -0.10525 0.86323 0.493717 -0.171809 0.93588 0.307587 -0.160102 0.951581 0.262414 -0.124521 0.935565 0.330472 -0.15056 0.929859 0.335698 -0.0633927 0.937219 0.342932 -0.0855704 0.929982 0.357506 -0.026424 0.938739 0.343614 -0.00144052 0.970759 0.240051 0.0287659 0.981691 0.188297 -0.0278818 0.96147 0.273491 -0.0575398 0.989874 0.129765 -0.0761883 0.989496 0.12285 -0.00569158 0.995161 0.0980884 -0.0217381 0.992886 0.117068 0.00350021 0.994966 0.100148 -0.00334945 0.994186 0.107621 0.26447 0.956928 -0.119767 0.0454051 0.998205 0.0390463 0.0206355 0.995141 0.0962769 -0.221177 0.773054 0.594533 -0.224892 0.624773 0.747718 0.318464 0.907679 0.273311 -0.0589268 0.903831 0.423813 0.34127 0.928993 -0.1432 -0.230178 -0.0766879 0.970122 -0.119688 0.385289 0.915001 -0.374048 -0.249508 0.893215 -0.456922 0.0996162 0.883911 -0.300442 0.250983 0.920186 -0.226769 0.311332 0.922848 0.00761967 0.935358 0.35362 -0.263379 0.359692 0.895128 0.164406 0.976997 -0.13582 0.137097 0.927686 -0.347279 0.0785774 0.994999 -0.0616667 0.0827489 0.994327 -0.0668232 0.102568 0.991311 -0.0823568 0.0913947 0.994257 -0.055678 0.0790846 0.992237 -0.0959774 0.088181 0.991081 -0.0999094 0.0322496 0.999329 0.0173568 0.0434747 0.998827 -0.0213223 0.0944412 0.973652 -0.207564 0.301401 0.920673 -0.248031 0.0286155 0.986907 -0.158728 0.00647426 0.999257 -0.0379818 0.0663601 0.993837 -0.0887903 0.000995204 0.993316 -0.115424 -0.0218271 0.999351 -0.0286585 -0.00336811 0.998355 -0.0572343 -0.028142 0.999127 0.0308733 0.209856 0.946556 -0.244932 0.228371 0.942771 -0.242962 0.272129 0.878097 -0.393563 0.291424 0.870451 -0.39672 0.272305 0.859681 -0.432202 0.295898 0.834155 -0.465436 0.189075 0.947281 -0.258669 0.194475 0.953129 -0.231788 0.223726 0.911238 -0.345821 0.246599 0.899563 -0.360521 0.209528 0.91701 -0.339398 0.238983 0.894062 -0.378868 0.0235839 0.999375 0.0263253 0.0480169 0.994392 -0.0942308 0.0672007 0.989334 -0.129234 0.098103 0.97897 -0.178868 0.140161 0.960285 -0.241261 0.157572 0.953247 -0.25786 0.0669969 0.980369 -0.185443 0.0848832 0.975707 -0.201969 0.112034 0.967367 -0.227267 0.147604 0.952641 -0.265871 0.166586 0.943426 -0.286698 0.062003 0.979472 -0.191807 0.0767007 0.980698 -0.179857 0.0941083 0.97719 -0.190378 0.125142 0.966636 -0.223504 0.144718 0.958242 -0.246635 -0.0228079 0.999697 0.00927181 0.0152566 0.999496 -0.0278477 -0.00592845 0.999976 -0.00346494 0.0488038 0.99156 -0.120113 0.0102585 0.999877 -0.0118595 0.0519189 0.98247 -0.179043 0.00285261 0.99764 -0.0686036 -0.0346401 0.995674 0.086222 -0.0438776 0.992466 0.114392 -0.0418903 0.996499 0.0723509 -0.0878852 0.96101 0.262176 -0.0883111 0.969605 0.228183 -0.0589973 0.990208 0.126523 -0.119425 0.924685 0.361518 -0.112751 0.942296 0.315223 -0.066848 0.980633 0.184093 -0.184485 0.958204 0.218657 -0.167171 0.96227 0.214687 -0.0945177 0.991578 0.0885458 -0.110535 0.986891 0.11759 0.088973 0.985949 -0.14138 0.255857 0.905094 -0.339622 -0.142971 0.967373 0.209164 -0.0547635 0.996612 0.0613644 0.116063 0.971539 -0.206495 0.226401 0.894529 -0.385435 -0.128057 0.967125 0.219707 -0.0509168 0.995612 0.0785166 0.0715524 0.981031 -0.180162 0.12915 0.937722 -0.322486 -0.120189 0.939417 0.321016 -0.0779318 0.97366 0.214275 -0.121509 0.95929 0.254947 -0.0632985 0.988881 0.134567 -0.0237294 0.999685 0.0082253 0.0185206 0.995211 -0.0959783 -0.000513004 0.993676 -0.112282 0.0418043 0.977591 -0.206322 -0.0258442 0.883974 0.46682 -0.0882731 0.567032 0.818952 -0.00298792 0.891041 0.453913 -0.025132 0.973442 0.227549 0.0346743 0.972103 -0.231977 0.0989765 0.98348 -0.151564 0.0184646 0.997314 -0.0708846 0.0998266 0.90088 -0.422433 0.0708238 0.917055 -0.39242 0.0586563 0.902311 -0.427075 -0.0877329 0.919393 0.383432 -0.0216227 0.851741 0.523517 -0.0668108 0.679079 0.731019 -0.0810314 0.815205 0.573476 0.198018 0.970783 -0.135532 0.126706 0.991713 0.0212162 -0.101901 0.947661 0.302579 -0.636115 0.771099 -0.0276442 -0.0874598 0.933055 0.348939 -0.117841 0.900082 0.419483 -0.0879593 0.777592 0.622587 0.222552 0.967889 -0.116884 0.177828 0.983964 0.0138341 -0.0765669 0.924081 0.374447 -0.306644 0.931773 0.194344 -0.0318679 0.943287 0.330446 -0.0373063 0.922758 0.38357 -0.0419668 0.838179 0.543779 0.0900865 0.98709 0.132434 0.0551484 0.954355 0.293538 0.0742885 0.920424 0.383799 -0.0890654 0.799095 0.594571 -0.157333 0.601463 0.783255 0.13985 0.983904 0.11124 0.183892 0.977138 0.106698 0.0337688 0.975213 0.218678 0.0958409 0.991597 0.0868912 0.17384 0.984406 0.0269029 0.221278 0.974887 -0.0251168 -0.096075 0.859526 0.50198 -0.101393 0.833229 0.543552 -0.0861694 0.760486 0.643612 -0.077567 0.8132 0.576792 -0.0558867 0.800063 0.597308 -0.0392759 0.877374 0.478198 -0.0579614 0.8774 0.476245 -0.119438 0.917037 0.380496 -0.107224 0.901785 0.418673 -0.103029 0.919388 0.379618 -0.116057 0.929518 0.350039 -0.0667569 0.608816 0.790498 -0.0125623 0.805525 0.592428 -0.0800697 0.902754 0.42264 -0.119968 0.912728 0.390557 -0.108129 0.89353 0.435789 -0.160985 0.913347 0.374007 -0.156156 0.936473 0.314059 -0.121422 0.899751 0.419171 -0.0277798 0.795693 0.605062 -0.0184213 0.871394 0.490238 -0.0098251 0.877915 0.478716 -0.0999042 0.630126 0.77004 -0.134596 0.625189 0.76878 -0.262913 0.743639 0.614718 0.0340659 0.999144 0.0234786 -0.053851 0.996102 0.0698676 -0.0781618 0.992237 0.0967241 0.223837 0.933703 -0.279456 0.09335 0.989297 -0.112146 0.274122 0.874452 -0.400239 0.165116 0.957569 -0.236218 0.00929075 0.994201 0.107132 0.0163872 0.998342 0.0551744 0.130136 0.960275 -0.246854 0.108068 0.972399 -0.20679 0.122667 0.968444 -0.216955 0.0690266 0.994181 -0.0827055 0.011804 0.996426 0.0836416 -0.208721 0.45672 0.864779 -0.0113221 0.976694 0.214335 -0.0518829 0.922296 0.382987 0.274092 0.893129 -0.356644 0.290214 0.845659 -0.447925 0.189823 0.960892 -0.201629 0.0600453 0.996661 -0.0553232 -0.0544008 0.993473 0.10026 -0.069818 0.992042 0.104779 -0.129069 0.969264 0.209446 -0.139937 0.965221 0.22083 -0.0218603 0.955418 0.294447 0.204773 0.921215 -0.330803 0.185065 0.934356 -0.304516 0.185335 0.932956 -0.308616 0.163942 0.947634 -0.274066 0.182542 0.943942 -0.275047 0.171198 0.947764 -0.269136 0.103611 0.989097 -0.10465 0.0968353 0.989717 -0.105279 0.00811311 0.997054 0.0762692 0.00327108 0.996319 0.0856576 -0.0975016 0.947948 0.30313 -0.0902131 0.942473 0.32188 -0.170353 0.825205 0.538532 -0.133422 0.842122 0.522522 -0.148949 0.85299 0.500221 -0.0899658 0.892907 0.44116 -0.0350428 0.965923 0.256447 -0.0566251 0.946639 0.317284 -0.00100894 0.962892 0.269885 0.0387685 0.97925 0.198915 0.121436 0.989289 0.0809959 0.0975722 0.988013 0.119628 0.054839 0.984827 0.164646 0.055747 0.986743 0.152418 0.0281685 0.98849 0.148642 0.0579201 0.9981 0.0210358 0.0921224 0.995607 0.0167584 0.230995 0.970541 -0.0684987 0.122528 0.990839 0.0567809 0.0502686 0.984299 0.169201 -0.0655493 0.875947 0.477933 -0.336629 0.191871 0.921882 -0.204383 0.19475 0.959323 0.241213 0.300012 -0.922935 0.263428 0.228006 -0.937347 0.112827 0.401104 -0.909057 0.184462 0.357892 -0.915362 -0.0704524 0.503983 0.860835 -0.357834 0.21107 0.909618 0.218313 0.0602868 -0.974015 -0.277254 0.194232 -0.940959 0.284815 0.1356 -0.948943 -0.0488028 0.810457 0.583762 -0.0767139 0.660047 0.747297 0.0459198 0.988057 0.147091 0.111796 0.993139 0.0343043 0.193687 0.979731 0.0511202 -0.00241271 0.997986 -0.0633921 -0.209078 0.51587 0.830761 -0.187356 0.525846 0.829689 -0.168135 0.43961 0.882312 </float_array>
          <technique_common>
            <accessor count="886" offset="0" source="#meshId0-bitangents-array" stride="3">
              <param name="X" type="float" />
              <param name="Y" type="float" />
              <param name="Z" type="float" />
            </accessor>
          </technique_common>
        </source>
        <source id="meshId0-tex0" name="meshId0-tex0">
          <float_array id="meshId0-tex0-array" count="1772"> 0.821393 0.999154 0.789818 0.999909 0.793321 0.961076 0.828947 0.958939 0.746748 0.999452 0.752596 0.963094 0.677313 0.998402 0.680505 0.966844 0.613417 0.996757 0.618118 0.966636 0.55191 0.995891 0.556493 0.965411 0.491889 0.995622 0.492672 0.96173 0.447117 0.994885 0.445946 0.953445 0.414838 0.994359 0.414838 0.951276 0.83013 0.919173 0.794361 0.921702 0.788841 0.885656 0.825295 0.878784 0.753115 0.92367 0.747702 0.889887 0.680681 0.926549 0.675468 0.892509 0.618119 0.92733 0.613047 0.896274 0.556432 0.926941 0.551858 0.898478 0.491598 0.919305 0.487494 0.8854 0.442679 0.904316 0.437385 0.861751 0.414828 0.899835 0.41481 0.855136 0.806066 0.719851 0.811898 0.743321 0.792106 0.764363 0.78489 0.756018 0.813465 0.758178 0.817077 0.772857 0.804157 0.785559 0.796454 0.774682 0.814005 0.797634 0.782659 0.863728 0.820284 0.849766 0.777371 0.846933 0.817153 0.82641 0.771528 0.829227 0.763173 0.811579 0.757887 0.801279 0.754553 0.792912 0.753156 0.786875 0.796763 0.642147 0.803895 0.677413 0.781809 0.687957 0.777782 0.666824 0.779239 0.715495 0.760866 0.747761 0.744992 0.777268 0.742323 0.872556 0.737385 0.859151 0.733129 0.84509 0.72679 0.827128 0.671905 0.879001 0.669035 0.868922 0.666112 0.856896 0.660591 0.840088 0.436922 0.838997 0.487694 0.865707 0.549549 0.882183 0.609279 0.882815 0.439571 0.821038 0.489805 0.848185 0.548357 0.867412 0.606845 0.87193 0.445781 0.802351 0.494455 0.830985 0.548643 0.851967 0.605535 0.859633 0.458233 0.777423 0.500965 0.809066 0.548569 0.830141 0.602172 0.840673 0.432526 0.75353 0.443955 0.73592 0.467748 0.76184 0.460059 0.724319 0.479695 0.714988 0.492473 0.731877 0.477307 0.744878 0.717671 0.808033 0.718582 0.800852 0.720723 0.816609 0.598039 0.827093 0.655522 0.829939 0.597374 0.809835 0.653553 0.817009 0.601584 0.795716 0.655888 0.806311 0.507773 0.792346 0.548579 0.813315 0.514712 0.772718 0.551279 0.794102 0.524099 0.755024 0.557646 0.776988 0.413385 0.291134 0.413286 0.272779 0.434544 0.273249 0.431058 0.291379 0.452491 0.275363 0.446521 0.293352 0.464506 0.277629 0.457423 0.295228 0.483006 0.28202 0.474246 0.298034 0.503518 0.289156 0.49306 0.301496 0.521843 0.298186 0.511482 0.306171 0.535432 0.317035 0.428182 0.200376 0.433443 0.251392 0.413135 0.249906 0.412784 0.199845 0.452633 0.251281 0.444064 0.200643 0.432894 0.257937 0.451479 0.257827 0.479106 0.209274 0.486336 0.261288 0.472551 0.25962 0.463637 0.251405 0.454045 0.201117 0.510069 0.271231 0.532897 0.284098 0.550816 0.305591 0.709571 0.257708 0.728929 0.30535 0.693906 0.321037 0.674026 0.273572 0.664213 0.339199 0.635757 0.293717 0.636382 0.357844 0.599565 0.317723 0.61608 0.374342 0.557703 0.338211 0.76041 0.419738 0.771078 0.475749 0.748791 0.479354 0.734715 0.425339 0.74656 0.358545 0.715398 0.36962 0.724052 0.480721 0.711908 0.430863 0.69018 0.381997 0.701923 0.476923 0.689732 0.435959 0.666356 0.394079 0.676216 0.480635 0.67429 0.441082 0.648816 0.40549 0.77847 0.506075 0.756112 0.506374 0.729319 0.506236 0.703577 0.505396 0.681285 0.505883 0.64132 0.507722 0.642398 0.484185 0.558711 0.492787 0.569784 0.512517 0.54649 0.515645 0.530291 0.492128 0.738278 0.530837 0.714325 0.530155 0.693944 0.52946 0.655584 0.528866 0.595093 0.532603 0.575053 0.534905 0.519547 0.521531 0.550571 0.539738 0.521761 0.546178 0.487392 0.531325 0.750107 0.583985 0.728634 0.579778 0.710761 0.575734 0.676274 0.568976 0.621927 0.568096 0.604333 0.568504 0.559241 0.572399 0.520534 0.578175 0.477132 0.559271 0.45802 0.535862 0.45408 0.524495 0.47428 0.501505 0.444452 0.543189 0.440745 0.529172 0.423774 0.509925 0.423413 0.521919 0.41434 0.523167 0.414305 0.510333 0.432708 0.510946 0.432757 0.495504 0.445449 0.49761 0.44136 0.515877 0.429855 0.521695 0.426319 0.532194 0.427635 0.546211 0.428722 0.56525 0.414437 0.562638 0.414399 0.546754 0.414368 0.534194 0.750989 0.623853 0.732546 0.617182 0.717109 0.613511 0.68688 0.607079 0.638802 0.601628 0.623352 0.600008 0.586487 0.598166 0.553065 0.598024 0.439134 0.56581 0.43667 0.589733 0.469734 0.590383 0.470936 0.619486 0.435497 0.622401 0.41449 0.587059 0.414555 0.620666 0.453861 0.660305 0.432183 0.662378 0.414624 0.66235 0.464993 0.695827 0.443679 0.703032 0.74093 0.644727 0.724228 0.635922 0.726524 0.661238 0.713357 0.653078 0.699514 0.675088 0.692194 0.67255 0.710559 0.632133 0.683899 0.626107 0.701931 0.649299 0.679575 0.643445 0.684481 0.67066 0.669432 0.667413 0.567704 0.616565 0.529839 0.624618 0.512296 0.607194 0.594771 0.617077 0.638144 0.62066 0.623834 0.619031 0.569084 0.634566 0.536171 0.641455 0.593596 0.635021 0.634796 0.638546 0.620623 0.63708 0.574555 0.661993 0.549826 0.664754 0.594641 0.662371 0.630347 0.664552 0.617925 0.663778 0.490879 0.637998 0.471111 0.66296 0.503652 0.649711 0.48652 0.665164 0.527409 0.666829 0.516458 0.671015 0.489088 0.702584 0.502708 0.714564 0.496061 0.726974 0.478178 0.689569 0.49902 0.691831 0.510153 0.700906 0.490872 0.683134 0.520638 0.681338 0.528372 0.686445 0.517385 0.67752 0.719142 0.696315 0.751225 0.71932 0.707133 0.737801 0.69219 0.70454 0.711715 0.766109 0.714269 0.791441 0.654919 0.750778 0.652949 0.713155 0.654349 0.775663 0.654111 0.79884 0.611095 0.747612 0.617109 0.713344 0.606172 0.769192 0.601969 0.78909 0.553155 0.698163 0.539281 0.720222 0.583942 0.70723 0.572668 0.735612 0.532499 0.734909 0.565613 0.753797 0.526181 0.748475 0.55914 0.770391 0.413708 0.355029 0.451822 0.359749 0.427448 0.386273 0.41385 0.3835 0.413936 0.402825 0.413988 0.415638 0.424499 0.412521 0.41469 0.710036 0.43441 0.425587 0.414043 0.42965 0.459374 0.456184 0.450417 0.4489 0.467394 0.421726 0.477419 0.431545 0.414123 0.451612 0.433832 0.450714 0.4355 0.461375 0.414155 0.46104 0.435069 0.39404 0.446241 0.404621 0.463088 0.372435 0.471294 0.38572 0.484041 0.407355 0.490227 0.418396 0.671077 0.478576 0.668926 0.44209 0.642607 0.410301 0.613873 0.383054 0.559027 0.3571 0.499861 0.405262 0.504438 0.414739 0.664179 0.476542 0.653867 0.447828 0.62931 0.419781 0.601615 0.393217 0.551588 0.373158 0.631788 0.457527 0.610257 0.43492 0.652771 0.478964 0.492324 0.368705 0.491865 0.383101 0.582893 0.407232 0.546052 0.396494 0.62235 0.458492 0.600697 0.437341 0.573846 0.414737 0.5442 0.4073 0.543752 0.12688 0.500011 0.0852372 0.507542 0.0352986 0.570289 0.0913245 0.485944 0.148595 0.462257 0.138903 0.466975 0.0718806 0.652025 0.229124 0.609986 0.250296 0.567763 0.210327 0.603602 0.180105 0.413179 0.256121 0.430393 0.0203243 0.433424 0.0725116 0.411677 0.0717398 0.411175 0.0222577 0.516565 0.173807 0.635795 0.158584 0.685335 0.212824 0.577232 0.277806 0.545148 0.24766 0.50718 0.224858 0.454228 0.0716897 0.451612 0.138686 0.432058 0.138989 0.449332 0.0177203 0.463868 0.0165484 0.464285 0.25908 0.412286 0.138052 0.492124 0.596131 0.759999 0.703143 0.721879 0.690016 0.75893 0.690847 0.75382 0.679786 0.718964 0.684853 0.71427 0.680791 0.435554 0.473586 0.461108 0.472351 0.60778 0.636106 0.606945 0.663134 0.610026 0.61808 0.606186 0.59917 0.583451 0.570227 0.488336 0.35605 0.478848 0.478813 0.458694 0.481882 0.706996 0.677775 0.740733 0.670472 0.759454 0.65485 0.772583 0.631514 0.794867 0.59208 0.773552 0.588858 0.786044 0.53555 0.764057 0.532068 0.504553 0.499543 0.65601 0.666115 0.663642 0.641363 0.643174 0.665347 0.649207 0.640008 0.667194 0.623873 0.652653 0.622322 0.669114 0.604873 0.653949 0.603291 0.656195 0.567829 0.639067 0.567946 0.633528 0.529816 0.614341 0.531053 0.615172 0.508783 0.59246 0.510383 0.61094 0.487576 0.584472 0.490139 0.60999 0.477257 0.61476 0.468414 0.58904 0.473681 0.563266 0.468513 0.542902 0.438906 0.569293 0.443036 0.538664 0.468117 0.52613 0.469377 0.499187 0.47298 0.495924 0.447111 0.480751 0.458015 0.524607 0.441166 0.521756 0.411 0.595298 0.457425 0.435112 0.480555 0.414215 0.479302 0.41424 0.487633 0.414195 0.473048 0.455078 0.331744 0.488401 0.332518 0.474269 0.320914 0.459641 0.318624 0.449344 0.316304 0.433991 0.314239 0.517453 0.353291 0.51208 0.332975 0.520763 0.330326 0.505261 0.326562 0.490021 0.323929 0.518138 0.365554 0.514316 0.380081 0.515255 0.47076 0.509314 0.443679 0.518096 0.402131 0.413411 0.311281 0.524885 0.332802 0.413589 0.332871 0.414725 0.741703 0.414795 0.827634 0.414781 0.806126 0.414758 0.776592 0.453199 0.00184939 0.467697 9.10982e-05 0.432735 0.00434021 0.411003 0.0057947 0.00882823 0.999161 0.00128039 0.959026 0.036837 0.96115 0.0403428 0.999908 0.0774847 0.963155 0.0833292 0.999443 0.149444 0.966879 0.152637 0.998381 0.211729 0.966656 0.216426 0.996731 0.273271 0.965421 0.27785 0.995866 0.337032 0.961735 0.337813 0.995604 0.383734 0.95345 0.382562 0.994877 9.10982e-05 0.919339 0.00490632 0.879031 0.0412872 0.885878 0.0357895 0.921853 0.0823454 0.890087 0.0769548 0.923806 0.154445 0.892669 0.149256 0.926652 0.216765 0.896394 0.211716 0.927407 0.277877 0.898559 0.273322 0.926994 0.342175 0.885451 0.338093 0.919338 0.392243 0.861771 0.386982 0.904331 0.0240498 0.720469 0.0451807 0.75653 0.0379865 0.764858 0.0182389 0.743876 0.0166804 0.758695 0.0336534 0.775153 0.0259732 0.786006 0.0130804 0.773339 0.0161519 0.798056 0.0098997 0.850072 0.0474492 0.863993 0.0130185 0.826766 0.0527201 0.847232 0.0585434 0.829561 0.0668721 0.811948 0.0721405 0.801668 0.0768525 0.787296 0.0754626 0.793319 0.0332992 0.643017 0.052224 0.667596 0.0482215 0.688662 0.0262023 0.678161 0.0507979 0.716116 0.0691385 0.748282 0.0849912 0.777705 0.0877065 0.872787 0.0926279 0.859406 0.0968685 0.845371 0.103184 0.827443 0.157993 0.879183 0.160852 0.86912 0.163762 0.857114 0.169261 0.840332 0.34196 0.865771 0.392683 0.839021 0.280172 0.88228 0.22052 0.882952 0.339834 0.848262 0.390013 0.821069 0.281352 0.867525 0.222943 0.872082 0.335167 0.831078 0.38378 0.802396 0.281051 0.852096 0.224241 0.859801 0.328636 0.809183 0.371293 0.777496 0.281104 0.830295 0.227583 0.840867 0.396949 0.753565 0.361755 0.761937 0.385487 0.735982 0.369365 0.72442 0.35217 0.745004 0.336988 0.732042 0.349719 0.715139 0.111357 0.801218 0.112271 0.808383 0.109231 0.816943 0.174313 0.830197 0.231696 0.827303 0.176267 0.817289 0.232341 0.81007 0.173926 0.806613 0.228122 0.795978 0.321809 0.792487 0.281074 0.813488 0.314846 0.772887 0.278352 0.794302 0.305438 0.755227 0.271968 0.777219 0.395795 0.291619 0.392067 0.273548 0.380376 0.293821 0.374177 0.27591 0.369509 0.295824 0.36221 0.278332 0.352727 0.298838 0.343809 0.282948 0.33402 0.302477 0.323461 0.290307 0.315723 0.307369 0.305326 0.299505 0.292026 0.318336 0.397403 0.200619 0.392865 0.251691 0.373705 0.251857 0.381543 0.201137 0.374949 0.258377 0.393507 0.258222 0.346702 0.210295 0.371582 0.201765 0.362725 0.252137 0.353942 0.260457 0.340225 0.262308 0.316721 0.272518 0.294164 0.285587 0.276589 0.307118 0.118573 0.261174 0.15389 0.276543 0.134591 0.323702 0.0998135 0.30842 0.192026 0.29615 0.164161 0.341487 0.228193 0.319643 0.19192 0.359785 0.270028 0.339611 0.212208 0.376022 0.0691548 0.421852 0.0946615 0.427319 0.0808411 0.480993 0.0587008 0.477459 0.0826559 0.361156 0.113587 0.371971 0.117321 0.432716 0.105424 0.482286 0.138661 0.384107 0.139365 0.437683 0.127407 0.478439 0.162379 0.395966 0.154732 0.442704 0.152983 0.482038 0.179868 0.407199 0.0736208 0.507856 0.0514002 0.507592 0.100256 0.507662 0.125853 0.506758 0.18664 0.485429 0.18781 0.508854 0.148028 0.507171 0.270037 0.493601 0.298371 0.492793 0.282336 0.516333 0.259095 0.513324 0.115226 0.531415 0.0913995 0.532146 0.173684 0.529958 0.135505 0.530671 0.253942 0.535668 0.233957 0.533456 0.309242 0.522074 0.341387 0.531694 0.307149 0.546681 0.278376 0.540382 0.101084 0.580835 0.0797126 0.585056 0.153199 0.569966 0.118872 0.576775 0.224879 0.569277 0.207342 0.568929 0.351765 0.559555 0.308508 0.578614 0.26986 0.572998 0.354322 0.501844 0.374622 0.524702 0.370743 0.536079 0.387973 0.529308 0.384338 0.543335 0.404835 0.509978 0.405261 0.521967 0.39591 0.511048 0.387288 0.516023 0.3831 0.497791 0.395773 0.495612 0.402409 0.532255 0.398819 0.521778 0.401163 0.546275 0.400165 0.565314 0.097245 0.618091 0.0788822 0.624759 0.142722 0.607948 0.112617 0.614411 0.206018 0.600745 0.19062 0.602402 0.276114 0.598543 0.242773 0.598796 0.392326 0.589823 0.389759 0.565921 0.393624 0.622476 0.358197 0.619687 0.359286 0.590605 0.397068 0.662431 0.375393 0.660423 0.385688 0.703104 0.364365 0.695956 0.105557 0.636749 0.0889262 0.645544 0.116414 0.653831 0.103302 0.661981 0.137539 0.673212 0.130245 0.675754 0.145729 0.626903 0.119172 0.632954 0.15007 0.644175 0.127797 0.650048 0.160226 0.668054 0.145226 0.671316 0.316842 0.607556 0.299386 0.625011 0.261568 0.617092 0.234567 0.617684 0.205589 0.619713 0.191325 0.621374 0.293116 0.64184 0.260245 0.63506 0.23579 0.635582 0.208836 0.637705 0.194706 0.639199 0.279549 0.665138 0.254859 0.662446 0.234816 0.662872 0.211588 0.664328 0.199199 0.665127 0.358162 0.663128 0.338336 0.638248 0.342772 0.665374 0.325614 0.649987 0.312883 0.671302 0.301936 0.667151 0.333393 0.727151 0.326725 0.714768 0.340305 0.702767 0.351173 0.689735 0.319257 0.701141 0.330355 0.692048 0.338473 0.683339 0.301025 0.686742 0.308737 0.681622 0.311975 0.677801 0.110703 0.69694 0.137591 0.70511 0.122724 0.738303 0.0787345 0.71991 0.118181 0.766547 0.115653 0.791824 0.176744 0.713649 0.174831 0.751191 0.17543 0.776024 0.175692 0.799155 0.212504 0.71378 0.218562 0.74797 0.223506 0.769504 0.227729 0.789363 0.276306 0.698501 0.290208 0.720497 0.245593 0.707617 0.256901 0.735929 0.29701 0.735151 0.263976 0.754073 0.303346 0.748689 0.270467 0.770633 0.400285 0.386393 0.375693 0.360091 0.403454 0.412605 0.393651 0.425741 0.368931 0.456487 0.35074 0.432007 0.360677 0.42213 0.377828 0.449151 0.392819 0.461516 0.394413 0.45085 0.381664 0.404883 0.392737 0.39422 0.36456 0.372877 0.356487 0.386214 0.33786 0.418976 0.343947 0.407912 0.16007 0.44368 0.158085 0.47997 0.186067 0.411944 0.214463 0.384671 0.268848 0.358422 0.323657 0.415434 0.32815 0.405947 0.175069 0.449315 0.164938 0.477916 0.199341 0.421293 0.226724 0.394694 0.27637 0.374349 0.21838 0.436243 0.197076 0.458855 0.176298 0.480279 0.335942 0.383781 0.335359 0.369433 0.245443 0.408511 0.282051 0.397555 0.206472 0.459767 0.22791 0.438596 0.2545 0.415922 0.283973 0.408307 0.280993 0.129252 0.253965 0.0944145 0.315222 0.0373087 0.323749 0.0869442 0.356437 0.0729662 0.362383 0.139782 0.338922 0.149868 0.175196 0.232316 0.222494 0.183113 0.258514 0.212613 0.217127 0.252817 0.391928 0.0207263 0.389956 0.072938 0.30883 0.175509 0.142057 0.216586 0.190265 0.162288 0.281512 0.249454 0.249993 0.279776 0.318957 0.226249 0.36916 0.0725257 0.392541 0.139338 0.373006 0.13938 0.372953 0.0185214 0.358413 0.0176558 0.362183 0.259805 0.336944 0.596433 0.069974 0.703787 0.107966 0.690662 0.0761147 0.680497 0.0710301 0.691528 0.115541 0.681457 0.110867 0.685511 0.392844 0.473721 0.367304 0.472647 0.221643 0.636701 0.222541 0.663661 0.219355 0.618727 0.22313 0.599858 0.245706 0.570921 0.339212 0.356787 0.349628 0.47921 0.369774 0.482154 0.0891511 0.6712 0.122789 0.678442 0.0704789 0.65565 0.0573795 0.632411 0.035164 0.59316 0.0563795 0.589935 0.043897 0.536903 0.0657618 0.533414 0.32409 0.500052 0.16595 0.64207 0.173607 0.666736 0.180339 0.640689 0.186407 0.665946 0.162373 0.624642 0.176865 0.623065 0.160419 0.605712 0.175528 0.604099 0.173196 0.568768 0.190261 0.568834 0.195652 0.530826 0.21477 0.531987 0.213853 0.509805 0.236486 0.5113 0.217974 0.488665 0.24435 0.491092 0.214076 0.469604 0.218869 0.478386 0.239716 0.474719 0.265366 0.469431 0.28548 0.4398 0.259212 0.44408 0.289884 0.468895 0.302389 0.470077 0.329291 0.47351 0.347597 0.458456 0.332381 0.447672 0.306363 0.411831 0.303731 0.441932 0.233397 0.458562 0.393329 0.480683 0.338882 0.333396 0.372163 0.332083 0.367509 0.319086 0.353015 0.321869 0.393297 0.314625 0.377766 0.316916 0.310194 0.354272 0.315361 0.334011 0.322133 0.327822 0.306767 0.331404 0.337161 0.324647 0.313541 0.380952 0.309614 0.366503 0.313245 0.471391 0.319 0.444337 0.309945 0.402964 0.302669 0.33389 0.354239 0.00130568 0.368755 0.00275151 0.389251 0.00480362 </float_array>
          <technique_common>
            <accessor count="886" offset="0" source="#meshId0-tex0-array" stride="2">
              <param name="S" type="float" />
              <param name="T" type="float" />
            </accessor>
          </technique_common>
        </source>
        <vertices id="meshId0-vertices">
          <input semantic="POSITION" source="#meshId0-positions" />
          <input semantic="NORMAL" source="#meshId0-normals" />
          <input semantic="TANGENT" source="#meshId0-tangents" />
          <input semantic="BINORMAL" source="#meshId0-bitangents" />
          <input semantic="TEXCOORD" source="#meshId0-tex0"  />
        </vertices>
        <polylist count="1620" material="defaultMaterial">
          <input offset="0" semantic="VERTEX" source="#meshId0-vertices" />
          <vcount>3 3 3 3 3 3 3 3 3 3 3 3 3 3 3 3 3 3 3 3 3 3 3 3 3 3 3 3 3 3 3 3 3 3 3 3 3 3 3 3 3 3 3 3 3 3 3 3 3 3 3 3 3 3 3 3 3 3 3 3 3 3 3 3 3 3 3 3 3 3 3 3 3 3 3 3 3 3 3 3 3 3 3 3 3 3 3 3 3 3 3 3 3 3 3 3 3 3 3 3 3 3 3 3 3 3 3 3 3 3 3 3 3 3 3 3 3 3 3 3 3 3 3 3 3 3 3 3 3 3 3 3 3 3 3 3 3 3 3 3 3 3 3 3 3 3 3 3 3 3 3 3 3 3 3 3 3 3 3 3 3 3 3 3 3 3 3 3 3 3 3 3 3 3 3 3 3 3 3 3 3 3 3 3 3 3 3 3 3 3 3 3 3 3 3 3 3 3 3 3 3 3 3 3 3 3 3 3 3 3 3 3 3 3 3 3 3 3 3 3 3 3 3 3 3 3 3 3 3 3 3 3 3 3 3 3 3 3 3 3 3 3 3 3 3 3 3 3 3 3 3 3 3 3 3 3 3 3 3 3 3 3 3 3 3 3 3 3 3 3 3 3 3 3 3 3 3 3 3 3 3 3 3 3 3 3 3 3 3 3 3 3 3 3 3 3 3 3 3 3 3 3 3 3 3 3 3 3 3 3 3 3 3 3 3 3 3 3 3 3 3 3 3 3 3 3 3 3 3 3 3 3 3 3 3 3 3 3 3 3 3 3 3 3 3 3 3 3 3 3 3 3 3 3 3 3 3 3 3 3 3 3 3 3 3 3 3 3 3 3 3 3 3 3 3 3 3 3 3 3 3 3 3 3 3 3 3 3 3 3 3 3 3 3 3 3 3 3 3 3 3 3 3 3 3 3 3 3 3 3 3 3 3 3 3 3 3 3 3 3 3 3 3 3 3 3 3 3 3 3 3 3 3 3 3 3 3 3 3 3 3 3 3 3 3 3 3 3 3 3 3 3 3 3 3 3 3 3 3 3 3 3 3 3 3 3 3 3 3 3 3 3 3 3 3 3 3 3 3 3 3 3 3 3 3 3 3 3 3 3 3 3 3 3 3 3 3 3 3 3 3 3 3 3 3 3 3 3 3 3 3 3 3 3 3 3 3 3 3 3 3 3 3 3 3 3 3 3 3 3 3 3 3 3 3 3 3 3 3 3 3 3 3 3 3 3 3 3 3 3 3 3 3 3 3 3 3 3 3 3 3 3 3 3 3 3 3 3 3 3 3 3 3 3 3 3 3 3 3 3 3 3 3 3 3 3 3 3 3 3 3 3 3 3 3 3 3 3 3 3 3 3 3 3 3 3 3 3 3 3 3 3 3 3 3 3 3 3 3 3 3 3 3 3 3 3 3 3 3 3 3 3 3 3 3 3 3 3 3 3 3 3 3 3 3 3 3 3 3 3 3 3 3 3 3 3 3 3 3 3 3 3 3 3 3 3 3 3 3 3 3 3 3 3 3 3 3 3 3 3 3 3 3 3 3 3 3 3 3 3 3 3 3 3 3 3 3 3 3 3 3 3 3 3 3 3 3 3 3 3 3 3 3 3 3 3 3 3 3 3 3 3 3 3 3 3 3 3 3 3 3 3 3 3 3 3 3 3 3 3 3 3 3 3 3 3 3 3 3 3 3 3 3 3 3 3 3 3 3 3 3 3 3 3 3 3 3 3 3 3 3 3 3 3 3 3 3 3 3 3 3 3 3 3 3 3 3 3 3 3 3 3 3 3 3 3 3 3 3 3 3 3 3 3 3 3 3 3 3 3 3 3 3 3 3 3 3 3 3 3 3 3 3 3 3 3 3 3 3 3 3 3 3 3 3 3 3 3 3 3 3 3 3 3 3 3 3 3 3 3 3 3 3 3 3 3 3 3 3 3 3 3 3 3 3 3 3 3 3 3 3 3 3 3 3 3 3 3 3 3 3 3 3 3 3 3 3 3 3 3 3 3 3 3 3 3 3 3 3 3 3 3 3 3 3 3 3 3 3 3 3 3 3 3 3 3 3 3 3 3 3 3 3 3 3 3 3 3 3 3 3 3 3 3 3 3 3 3 3 3 3 3 3 3 3 3 3 3 3 3 3 3 3 3 3 3 3 3 3 3 3 3 3 3 3 3 3 3 3 3 3 3 3 3 3 3 3 3 3 3 3 3 3 3 3 3 3 3 3 3 3 3 3 3 3 3 3 3 3 3 3 3 3 3 3 3 3 3 3 3 3 3 3 3 3 3 3 3 3 3 3 3 3 3 3 3 3 3 3 3 3 3 3 3 3 3 3 3 3 3 3 3 3 3 3 3 3 3 3 3 3 3 3 3 3 3 3 3 3 3 3 3 3 3 3 3 3 3 3 3 3 3 3 3 3 3 3 3 3 3 3 3 3 3 3 3 3 3 3 3 3 3 3 3 3 3 3 3 3 3 3 3 3 3 3 3 3 3 3 3 3 3 3 3 3 3 3 3 3 3 3 3 3 3 3 3 3 3 3 3 3 3 3 3 3 3 3 3 3 3 3 3 3 3 3 3 3 3 3 3 3 3 3 3 3 3 3 3 3 3 3 3 3 3 3 3 3 3 3 3 3 3 3 3 3 3 3 3 3 3 3 3 3 3 3 3 3 3 3 3 3 3 3 3 3 3 3 3 3 3 3 3 3 3 3 3 3 3 3 3 3 3 3 3 3 3 3 3 3 3 3 3 3 3 3 3 3 3 3 3 3 3 3 3 3 3 3 3 3 3 3 3 3 3 3 3 3 3 3 3 3 3 3 3 3 3 3 3 3 3 3 3 3 3 3 3 3 3 3 3 3 3 3 3 3 3 3 3 3 3 3 3 3 3 3 3 3 3 3 3 3 3 3 3 3 3 3 3 3 3 3 3 3 3 3 3 3 3 3 3 3 3 3 3 3 3 3 3 3 3 3 3 3 3 3 3 3 3 3 3 3 3 3 3 3 3 3 3 3 3 3 3 3 3 3 3 3 3 3 3 3 3 3 3 3 3 3 3 3 3 3 3 3 3 3 3 3 3 3 3 3 3 3 3 3 3 3 3 3 3 3 3 3 3 3 3 3 3 3 3 3 3 3 3 3 3 3 3 3 3 3 3 3 3 3 3 3 3 3 3 3 3 3 3 3 3 3 3 3 3 3 3 3 3 3 3 3 3 3 3 3 3 3 3 3 3 3 3 3 3 3 3 3 3 3 3 3 3 3 3 3 3 3 3 3 3 3 3 3 3 3 3 3 3 3 3 3 3 3 3 3 3 3 3 3 3 3 3 3 3 3 3 3 3 3 3 3 3 3 3 3 3 3 3 3 3 3 3 3 3 3 3 3 3 3 3 3 3 3 3 3 3 3 3 3 3 3 3 3 3 3 3 3 3 3 3 3 3 3 3 3 3 3 3 3 3 3 3 3 3 3 3 3 3 3 3 3 3 3 3 3 3 3 3 3 3 3 3 3 3 3 3 3 3 3 3 3 3 3 3 3 3 3 3 3 3 3 3 3 3 3 3 3 3 3 3 3 3 3 3 3 3 3 3 3 3 3 3 3 3 3 3 3 3 3 3 3 3 3 3 3 3 3 3 3 3 3 3 3 3 </vcount>
          <p>3 0 1 1 2 3 2 1 4 4 5 2 5 4 6 6 7 5 7 6 8 8 9 7 9 8 10 10 11 9 11 10 12 12 13 11 13 12 14 14 15 13 15 14 16 16 17 15 21 18 19 19 20 21 18 3 2 2 19 18 20 19 22 22 23 20 19 2 5 5 22 19 23 22 24 24 25 23 22 5 7 7 24 22 25 24 26 26 27 25 24 7 9 9 26 24 27 26 28 28 29 27 26 9 11 11 28 26 29 28 30 30 31 29 28 11 13 13 30 28 31 30 32 32 33 31 30 13 15 15 32 30 33 32 34 34 35 33 32 15 17 17 34 32 39 36 37 37 38 39 43 40 41 41 42 43 41 44 42 46 21 20 20 45 46 48 46 45 45 47 48 44 48 47 47 49 44 42 44 49 49 50 42 43 42 50 50 51 43 38 37 40 40 43 38 39 38 52 52 53 39 57 54 55 55 56 57 56 55 36 36 58 56 58 36 39 39 59 58 59 39 53 53 60 59 45 20 23 23 61 45 47 45 61 61 62 47 49 47 62 62 63 49 50 49 63 63 64 50 61 23 25 25 65 61 62 61 65 65 66 62 63 62 66 66 67 63 64 63 67 67 68 64 70 31 33 33 69 70 71 29 31 31 70 71 72 27 29 29 71 72 65 25 27 27 72 65 74 70 69 69 73 74 75 71 70 70 74 75 76 72 71 71 75 76 66 65 72 72 76 66 78 74 73 73 77 78 79 75 74 74 78 79 80 76 75 75 79 80 67 66 76 76 80 67 82 78 77 77 81 82 83 79 78 78 82 83 84 80 79 79 83 84 68 67 80 80 84 68 81 85 86 86 87 81 38 43 51 51 52 38 91 88 89 89 90 91 93 53 52 52 92 93 87 86 88 88 91 87 94 51 50 50 64 94 96 68 84 84 95 96 94 64 68 68 96 94 92 52 51 51 94 92 98 96 95 95 97 98 100 98 97 97 99 100 93 92 98 98 100 93 101 82 81 81 87 101 102 83 82 82 101 102 95 84 83 83 102 95 92 94 96 96 98 92 103 101 87 87 91 103 104 102 101 101 103 104 105 103 91 91 90 105 106 104 103 103 105 106 99 97 104 104 106 99 110 107 108 108 109 110 112 110 109 109 111 112 114 112 111 111 113 114 116 114 113 113 115 116 118 116 115 115 117 118 120 118 117 117 119 120 120 119 121 125 122 123 123 124 125 127 126 123 123 122 127 111 109 128 128 129 111 134 130 131 134 131 132 132 133 134 117 115 131 131 135 117 119 117 135 135 136 119 121 119 136 136 137 121 141 138 139 139 140 141 143 141 140 140 142 143 145 143 142 142 144 145 147 145 144 144 146 147 151 148 149 149 150 151 153 152 148 148 151 153 140 139 152 152 153 140 155 151 150 150 154 155 156 153 151 151 155 156 142 140 153 153 156 142 158 155 154 154 157 158 159 156 155 155 158 159 144 142 156 156 159 144 161 158 157 157 160 161 162 159 158 158 161 162 146 144 159 159 162 146 150 149 163 163 164 150 154 150 164 164 165 154 157 154 165 165 166 157 169 160 167 167 168 169 173 170 171 171 172 173 166 165 174 174 175 166 168 167 176 176 177 168 172 171 178 178 179 172 183 180 181 181 182 183 175 174 184 184 185 175 177 176 186 186 187 177 179 178 188 188 189 179 192 182 190 190 191 192 195 183 193 193 194 195 194 193 196 196 197 194 201 198 199 199 200 201 205 202 203 203 204 205 207 199 206 206 197 207 211 208 209 209 210 211 212 207 208 208 211 212 185 184 213 213 214 185 187 186 215 215 216 187 189 188 217 217 218 189 191 190 219 219 220 191 97 95 102 102 104 97 209 221 222 225 222 223 223 224 225 222 221 192 192 223 222 227 226 222 222 225 227 229 225 224 224 228 229 230 227 225 225 229 230 232 229 228 228 231 232 214 213 233 233 234 214 234 233 235 235 236 234 236 235 237 237 238 236 216 215 239 239 240 216 240 239 241 241 242 240 242 241 243 243 244 242 247 220 245 245 246 247 220 219 248 248 245 220 218 217 249 249 250 218 246 245 251 251 252 246 245 248 253 253 251 245 250 249 254 254 255 250 252 251 256 256 257 252 251 253 258 258 256 251 255 254 259 259 260 255 228 224 261 261 262 228 224 247 246 246 261 224 262 261 263 263 264 262 261 246 252 252 263 261 264 263 265 265 266 264 263 252 257 257 265 263 269 89 267 267 268 269 231 228 262 262 270 231 268 267 271 271 272 268 270 262 264 264 273 270 272 271 274 274 275 272 273 264 266 266 276 273 280 277 278 278 279 280 279 278 59 59 281 279 281 59 60 60 282 281 284 280 279 279 283 284 283 279 281 281 285 283 285 281 282 282 286 285 288 284 283 283 287 288 287 283 285 285 289 287 289 285 286 286 290 289 275 291 292 292 272 275 291 293 294 294 292 291 293 288 287 287 294 293 272 292 295 295 268 272 292 294 296 296 295 292 294 287 289 289 296 294 268 295 297 297 269 268 295 296 298 298 297 295 296 289 290 290 298 296 302 299 300 300 301 302 303 302 301 304 303 305 306 230 229 229 232 306 308 304 305 305 307 308 312 309 310 310 311 312 316 313 314 314 315 316 318 307 305 305 317 318 317 305 303 303 301 317 317 301 300 300 319 317 318 317 319 319 320 318 310 307 318 318 311 310 312 311 321 321 322 312 324 161 160 160 323 324 325 162 161 161 324 325 326 146 162 162 325 326 327 147 146 146 326 327 322 321 328 328 329 322 331 324 323 323 330 331 332 325 324 324 331 332 333 326 325 325 332 333 334 327 326 326 333 334 332 331 335 335 336 332 320 321 311 311 318 320 331 330 337 337 335 331 320 319 338 338 339 320 332 336 340 340 333 332 334 333 340 340 341 334 342 335 337 337 169 342 343 336 335 335 342 343 344 340 336 336 343 344 345 341 340 340 344 345 328 321 320 320 339 328 349 346 347 347 348 349 352 347 350 350 351 352 356 353 354 354 355 356 109 108 357 357 128 109 361 358 359 359 360 361 346 356 355 355 362 346 364 353 356 356 363 364 355 354 365 365 366 355 351 350 130 130 134 351 366 136 135 135 367 366 362 355 366 366 367 362 363 356 346 346 349 363 359 368 369 369 370 359 370 369 127 127 122 370 368 371 372 372 352 368 127 369 351 351 134 127 126 127 134 134 133 126 369 368 352 352 351 369 115 113 373 115 373 132 132 131 115 348 347 352 352 372 348 125 374 370 370 122 125 374 360 359 359 370 374 130 367 135 135 131 130 350 362 367 367 130 350 347 346 362 362 350 347 371 368 359 359 358 371 365 137 136 136 366 365 223 375 224 223 192 191 191 375 223 247 375 191 191 220 247 224 375 247 377 376 278 278 277 377 376 58 59 59 278 376 379 57 56 56 378 379 378 56 58 58 376 378 381 379 378 378 380 381 380 378 376 376 377 380 194 205 204 204 195 194 202 205 206 197 206 205 205 194 197 198 203 202 196 193 192 192 221 196 193 183 192 308 307 314 314 313 308 383 382 315 315 309 383 309 315 314 314 310 309 314 307 310 253 384 385 385 258 253 248 386 384 384 253 248 219 387 386 386 248 219 190 388 387 387 219 190 182 181 388 388 190 182 192 183 182 319 300 389 389 338 319 391 390 195 195 204 391 393 379 381 381 392 393 235 393 392 392 237 235 394 57 379 379 393 394 233 394 393 393 235 233 395 54 57 57 394 395 213 395 394 394 233 213 397 396 54 54 395 397 184 397 395 395 213 184 399 398 396 396 397 399 174 399 397 397 184 174 164 163 398 398 399 164 165 164 399 399 174 165 400 180 183 183 195 400 173 172 180 180 400 173 402 242 244 244 401 402 404 402 401 401 403 404 254 404 403 403 259 254 405 240 242 242 402 405 406 405 402 402 404 406 249 406 404 404 254 249 407 216 240 240 405 407 408 407 405 405 406 408 217 408 406 406 249 217 409 187 216 216 407 409 410 409 407 407 408 410 188 410 408 408 217 188 411 177 187 187 409 411 412 411 409 409 410 412 178 412 410 410 188 178 413 168 177 177 411 413 414 413 411 411 412 414 171 414 412 412 178 171 415 169 168 168 413 415 416 415 413 413 414 416 170 416 414 414 171 170 418 342 169 418 169 415 415 417 418 416 419 417 417 415 416 170 420 419 419 416 170 422 421 345 345 344 422 181 179 189 189 388 181 388 189 218 218 387 388 387 218 250 250 386 387 386 250 255 255 384 386 384 255 260 260 385 384 180 172 179 179 181 180 423 173 424 390 425 400 400 195 390 312 322 426 426 427 312 427 426 425 425 390 427 429 345 421 421 428 429 428 421 423 423 424 428 170 173 423 423 420 170 420 423 421 421 422 420 422 344 343 343 430 422 420 422 430 430 419 420 430 343 342 342 418 430 419 430 418 418 417 419 309 312 427 427 383 309 383 427 390 390 391 383 204 203 431 431 391 204 391 431 382 382 383 391 433 432 431 431 203 433 434 316 315 315 382 434 241 236 238 238 243 241 239 234 236 236 241 239 215 214 234 234 239 215 186 185 214 214 215 186 176 175 185 185 186 176 167 166 175 175 176 167 160 157 166 166 167 160 145 147 137 137 365 145 143 145 365 365 354 143 141 143 354 354 353 141 138 141 353 353 364 138 137 147 121 436 389 300 300 435 436 438 114 116 116 437 438 440 110 112 112 439 440 442 441 389 389 436 442 444 120 121 121 443 444 445 118 120 120 444 445 439 112 114 114 438 439 447 339 338 338 446 447 425 448 173 173 400 425 322 329 449 449 426 322 450 328 339 339 447 450 446 338 389 389 441 446 426 449 448 448 425 426 429 329 328 328 450 429 451 107 110 110 440 451 327 446 441 441 147 327 329 429 428 428 449 329 449 428 424 424 448 449 345 429 450 450 341 345 341 450 447 447 334 341 334 447 446 446 327 334 424 173 448 443 121 147 147 452 443 452 147 441 441 442 452 437 116 118 118 445 437 435 300 299 299 453 435 297 105 90 90 269 297 298 106 105 105 297 298 298 290 99 99 106 298 286 100 99 99 290 286 282 93 100 100 286 282 60 53 93 93 282 60 271 273 276 276 274 271 267 270 273 273 271 267 89 231 270 270 267 89 269 90 89 89 88 232 232 231 89 432 434 382 382 431 432 85 454 306 306 86 85 456 73 69 69 455 456 457 77 73 73 456 457 455 69 33 33 35 455 85 81 77 77 457 85 454 85 457 198 201 433 433 203 198 226 210 209 209 222 226 207 197 196 196 208 207 208 196 221 221 209 208 212 200 199 199 207 212 198 202 206 206 199 198 88 86 306 306 232 88 373 133 132 129 126 133 133 373 129 357 124 123 123 128 357 128 123 126 126 129 128 113 111 129 129 373 113 459 372 371 371 458 459 458 371 358 358 460 458 460 358 361 361 461 460 372 459 348 465 462 463 463 464 465 467 465 464 464 466 467 469 467 466 466 468 469 471 469 468 468 470 471 473 471 470 470 472 473 475 473 472 472 474 475 477 475 474 474 476 477 16 477 476 476 17 16 481 478 479 479 480 481 464 463 478 478 481 464 483 481 480 480 482 483 466 464 481 481 483 466 485 483 482 482 484 485 468 466 483 483 485 468 487 485 484 484 486 487 470 468 485 485 487 470 489 487 486 486 488 489 472 470 487 487 489 472 491 489 488 488 490 491 474 472 489 489 491 474 493 491 490 490 492 493 476 474 491 491 493 476 34 493 492 492 35 34 17 476 493 493 34 17 497 494 495 495 496 497 501 498 499 499 500 501 501 500 502 480 479 503 503 504 480 504 503 505 505 506 504 506 505 502 502 507 506 507 502 500 500 508 507 508 500 499 499 509 508 498 497 496 496 499 498 511 496 495 495 510 511 515 512 513 513 514 515 494 515 514 514 516 494 495 494 516 516 517 495 510 495 517 517 518 510 482 480 504 504 519 482 519 504 506 506 520 519 520 506 507 507 521 520 521 507 508 508 522 521 484 482 519 519 523 484 523 519 520 520 524 523 524 520 521 521 525 524 525 521 522 522 526 525 492 490 527 527 528 492 490 488 529 529 527 490 488 486 530 530 529 488 486 484 523 523 530 486 528 527 531 531 532 528 527 529 533 533 531 527 529 530 534 534 533 529 530 523 524 524 534 530 532 531 535 535 536 532 531 533 537 537 535 531 533 534 538 538 537 533 534 524 525 525 538 534 536 535 539 539 540 536 535 537 541 541 539 535 537 538 542 542 541 537 538 525 526 526 542 538 545 543 540 540 544 545 509 499 496 496 511 509 549 546 547 547 548 549 511 510 550 550 551 511 546 545 544 544 547 546 508 509 552 552 522 508 542 526 553 553 554 542 526 522 552 552 553 526 509 511 551 551 552 509 554 553 555 555 556 554 556 555 557 557 558 556 555 551 550 550 557 555 540 539 559 559 544 540 539 541 560 560 559 539 541 542 554 554 560 541 553 552 551 551 555 553 544 559 561 561 547 544 559 560 562 562 561 559 547 561 563 563 548 547 561 562 564 564 563 561 562 556 558 558 564 562 108 107 565 565 566 108 566 565 567 567 568 566 568 567 569 569 570 568 570 569 571 571 572 570 572 571 573 573 574 572 574 573 575 575 576 574 575 577 576 579 578 125 125 124 579 579 580 581 581 578 579 583 566 568 568 582 583 588 584 585 585 586 587 585 587 588 588 572 574 574 589 588 589 574 576 576 590 589 590 576 577 577 591 590 595 592 593 593 594 595 594 593 596 596 597 594 597 596 598 598 599 597 599 598 600 600 601 599 605 602 603 603 604 605 602 606 607 607 603 602 606 595 594 594 607 606 604 603 608 608 609 604 603 607 610 610 608 603 607 594 597 597 610 607 609 608 611 611 612 609 608 610 613 613 611 608 610 597 599 599 613 610 612 611 614 614 615 612 611 613 616 616 614 611 613 599 601 601 616 613 618 605 604 604 617 618 617 604 609 609 619 617 619 609 612 612 620 619 623 615 621 621 622 623 627 624 625 625 626 627 629 619 620 620 628 629 631 623 622 622 630 631 633 627 626 626 632 633 637 634 635 635 636 637 639 629 628 628 638 639 641 631 630 630 640 641 643 633 632 632 642 643 646 636 644 644 645 646 649 635 647 647 648 649 651 649 648 648 650 651 653 652 201 201 200 653 657 654 655 655 656 657 659 653 658 658 650 659 661 660 211 211 210 661 660 658 212 212 211 660 663 639 638 638 662 663 665 641 640 640 664 665 667 643 642 642 666 667 669 646 645 645 668 669 560 554 556 556 562 560 661 670 671 674 670 672 672 673 674 644 671 670 670 674 644 670 226 227 227 672 670 673 672 675 675 676 673 672 227 230 230 675 672 676 675 677 677 678 676 680 663 662 662 679 680 682 680 679 679 681 682 684 682 681 681 683 684 686 665 664 664 685 686 688 686 685 685 687 688 690 688 687 687 689 690 693 668 691 691 692 693 694 669 668 668 693 694 696 667 666 666 695 696 698 693 692 692 697 698 699 694 693 693 698 699 701 696 695 695 700 701 703 698 697 697 702 703 704 699 698 698 703 704 706 701 700 700 705 706 708 673 676 676 707 708 692 691 673 673 708 692 710 708 707 707 709 710 697 692 708 708 710 697 712 710 709 709 711 712 702 697 710 710 712 702 715 549 713 713 714 715 707 676 678 678 716 707 718 715 714 714 717 718 709 707 716 716 719 709 721 718 717 717 720 721 711 709 719 719 722 711 726 723 724 724 725 726 517 726 725 725 727 517 518 517 727 727 728 518 725 724 729 729 730 725 727 725 730 730 731 727 728 727 731 731 732 728 730 729 733 733 734 730 731 730 734 734 735 731 732 731 735 735 736 732 738 737 720 720 717 738 740 739 737 737 738 740 734 733 739 739 740 734 741 738 717 717 714 741 742 740 738 738 741 742 735 734 740 740 742 735 743 741 714 714 713 743 744 742 741 741 743 744 736 735 742 742 744 736 746 299 302 302 745 746 303 745 302 304 747 303 675 230 306 306 677 675 747 304 308 308 748 747 752 749 750 750 751 752 754 313 316 316 753 754 747 748 755 755 756 747 303 747 756 756 745 303 746 745 756 756 757 746 757 756 755 755 758 757 755 748 752 752 751 755 760 751 750 750 759 760 615 614 761 761 762 615 614 616 763 763 761 614 616 601 764 764 763 616 601 600 765 765 764 601 767 760 759 759 766 767 762 761 768 768 769 762 761 763 770 770 768 761 763 764 771 771 770 763 764 765 772 772 771 764 774 768 770 770 773 774 751 760 758 758 755 751 775 769 768 768 774 775 777 757 758 758 776 777 778 773 770 770 771 778 778 771 772 772 779 778 775 774 780 780 621 775 774 773 781 781 780 774 773 778 782 782 781 773 778 779 783 783 782 778 758 760 767 767 776 758 787 784 785 785 786 787 790 787 788 788 789 790 794 791 792 792 793 794 357 108 566 566 583 357 796 795 361 361 360 796 793 792 784 784 797 793 792 791 798 798 799 792 801 794 793 793 800 801 584 790 789 789 585 584 589 590 800 800 802 589 800 793 797 797 802 800 784 792 799 799 785 784 805 803 796 796 804 805 581 805 804 804 578 581 807 806 803 803 788 807 789 805 581 581 585 789 585 581 580 580 586 585 788 803 805 805 789 788 808 570 572 808 572 588 588 587 808 788 787 786 786 807 788 804 374 125 125 578 804 796 360 374 374 804 796 589 802 584 584 588 589 802 797 790 790 584 802 797 784 787 787 790 797 796 803 806 806 795 796 590 591 801 801 800 590 674 673 809 645 644 674 674 809 645 645 809 691 691 668 645 673 691 809 726 810 811 811 723 726 517 516 810 810 726 517 514 513 812 812 813 514 516 514 813 813 810 516 813 812 814 814 815 813 810 813 815 815 811 810 656 655 648 648 647 656 654 659 655 655 659 650 650 648 655 652 654 657 644 649 651 651 671 644 649 644 635 754 748 308 308 313 754 753 816 817 817 749 753 754 753 749 749 752 754 754 752 748 819 818 699 699 704 819 818 820 694 694 699 818 820 821 669 669 694 820 821 822 646 646 669 821 822 637 636 636 646 822 644 636 635 823 746 757 757 777 823 647 824 825 825 656 647 814 812 826 826 827 814 827 826 682 682 684 827 812 513 828 828 826 812 826 828 680 680 682 826 513 512 829 829 828 513 828 829 663 663 680 828 512 830 831 831 829 512 829 831 639 639 663 829 830 832 833 833 831 830 831 833 629 629 639 831 832 618 617 617 833 832 833 617 619 619 629 833 635 634 834 834 647 635 634 626 625 625 834 634 689 687 835 835 836 689 836 835 837 837 838 836 838 837 701 701 706 838 687 685 839 839 835 687 835 839 840 840 837 835 837 840 696 696 701 837 685 664 841 841 839 685 839 841 842 842 840 839 840 842 667 667 696 840 664 640 843 843 841 664 841 843 844 844 842 841 842 844 643 643 667 842 640 630 845 845 843 640 843 845 846 846 844 843 844 846 633 633 643 844 630 622 847 847 845 630 845 847 848 848 846 845 846 848 627 627 633 846 622 621 849 849 847 622 847 849 850 850 848 847 848 850 624 624 627 848 621 780 851 621 851 852 852 849 621 852 853 850 850 849 852 853 854 624 624 850 853 783 855 856 856 782 783 642 632 637 637 822 642 666 642 822 822 821 666 695 666 821 821 820 695 700 695 820 820 818 700 705 700 818 818 819 705 632 626 634 634 637 632 857 858 625 834 859 824 824 647 834 861 759 750 750 860 861 859 861 860 860 824 859 855 783 862 862 863 855 857 855 863 863 858 857 857 625 624 624 854 857 855 857 854 854 856 855 781 782 856 856 864 781 864 856 854 854 853 864 780 781 864 864 851 780 851 864 853 853 852 851 860 750 749 749 817 860 824 860 817 817 825 824 865 657 656 656 825 865 816 865 825 825 817 816 865 432 433 433 657 865 753 316 434 434 816 753 683 681 688 688 690 683 681 679 686 686 688 681 679 662 665 665 686 679 662 638 641 641 665 662 638 628 631 631 641 638 628 620 623 623 631 628 620 612 615 615 623 620 591 600 598 598 801 591 801 598 596 596 794 801 794 596 593 593 791 794 791 593 592 592 798 791 591 577 600 746 823 866 866 867 746 571 569 868 868 869 571 567 565 870 870 871 567 823 872 873 873 866 823 577 575 874 874 875 577 575 573 876 876 874 575 569 567 871 871 868 569 777 776 877 877 878 777 625 879 859 859 834 625 880 766 759 759 861 880 776 767 881 881 877 776 823 777 878 878 872 823 879 880 861 861 859 879 767 766 862 862 881 767 565 107 451 451 870 565 872 878 765 765 600 872 863 862 766 766 880 863 858 863 880 880 879 858 881 862 783 783 779 881 877 881 779 779 772 877 878 877 772 772 765 878 858 879 625 600 577 875 875 882 600 872 600 882 882 873 872 573 571 869 869 876 573 299 746 867 867 453 299 548 563 743 743 713 548 563 564 744 744 743 563 558 736 744 744 564 558 558 557 732 732 736 558 557 550 728 728 732 557 550 510 518 518 728 550 722 719 718 718 721 722 719 716 715 715 718 719 716 678 549 549 715 716 713 549 548 677 546 549 549 678 677 816 434 432 432 865 816 306 454 543 543 545 306 528 532 456 456 455 528 532 536 457 457 456 532 492 528 455 455 35 492 536 540 543 543 457 536 454 457 543 433 201 652 652 657 433 661 210 226 226 670 661 651 650 658 658 660 651 671 651 660 660 661 671 653 200 212 212 658 653 659 654 652 652 653 659 306 545 546 546 677 306 808 587 586 586 580 582 582 808 586 579 124 357 357 583 579 580 579 583 583 582 580 582 568 570 570 808 582 806 807 883 883 884 806 795 806 884 884 885 795 361 795 885 885 461 361 807 786 883 </p>
        </polylist>
      </mesh>
    </geometry>
  </library_geometries>
  <library_visual_scenes>
    <visual_scene id="root" name="root">
      <node id="MaskV" name="MaskV">
        <matrix>1 0 0 0 0 1 0 0 0 0 1 0 0 0 0 1</matrix>
        <instance_geometry url="#meshId0">
          <bind_material>
            <technique_common>
              <instance_material symbol="defaultMaterial" target="#Mask_V" />
            </technique_common>
          </bind_material>
        </instance_geometry>
      </node>
    </visual_scene>
  </library_visual_scenes>
  <scene>
    <instance_visual_scene url="#root" />
  </scene>
</COLLADA>
